espn_id,full_name,first_name,last_name,league,active,display_height,display_weight,player_key,player_key_suffix_sensitive
4432932,Max Abmas,Max,Abmas,nba,False,"6' 0""",175 lbs,max abmas,max abmas
4431679,Precious Achiuwa,Precious,Achiuwa,nba,True,"6' 8""",243 lbs,precious achiuwa,precious achiuwa
2991235,Steven Adams,Steven,Adams,nba,True,"6' 11""",265 lbs,steven adams,steven adams
4066261,Bam Adebayo,Bam,Adebayo,nba,True,"6' 9""",260 lbs,bam adebayo,bam adebayo
4397018,Ochai Agbaji,Ochai,Agbaji,nba,True,"6' 5""",215 lbs,ochai agbaji,ochai agbaji
4684682,Jonas Aidoo,Jonas,Aidoo,nba,False,"6' 11""",240 lbs,jonas aidoo,jonas aidoo
4397072,James Akinjo,James,Akinjo,nba,False,"6' 1""",190 lbs,james akinjo,james akinjo
4593125,Santi Aldama,Santi,Aldama,nba,True,"7' 0""",215 lbs,santi aldama,santi aldama
4433268,Trey Alexander,Trey,Alexander,nba,True,"6' 5""",185 lbs,trey alexander,trey alexander
4278039,Nickeil Alexander-Walker,Nickeil,Alexander-Walker,nba,True,"6' 5""",205 lbs,nickeil alexander walker,nickeil alexander walker
3135045,Grayson Allen,Grayson,Allen,nba,True,"6' 3""",198 lbs,grayson allen,grayson allen
4066328,Jarrett Allen,Jarrett,Allen,nba,True,"6' 9""",243 lbs,jarrett allen,jarrett allen
5165254,Akech Allir,Akech,Allir,nba,True,,,akech allir,akech allir
4277869,Jose Alvarado,Jose,Alvarado,nba,True,"6' 0""",179 lbs,jose alvarado,jose alvarado
2993874,Kyle Anderson,Kyle,Anderson,nba,True,"6' 8""",230 lbs,kyle anderson,kyle anderson
4432452,Alex Antetokounmpo,Alex,Antetokounmpo,nba,True,"6' 8""",214 lbs,alex antetokounmpo,alex antetokounmpo
3032977,Giannis Antetokounmpo,Giannis,Antetokounmpo,nba,True,"6' 11""",243 lbs,giannis antetokounmpo,giannis antetokounmpo
3102533,Thanasis Antetokounmpo,Thanasis,Antetokounmpo,nba,True,"6' 7""",219 lbs,thanasis antetokounmpo,thanasis antetokounmpo
4432809,Cole Anthony,Cole,Anthony,nba,False,"6' 2""",185 lbs,cole anthony,cole anthony
3934719,OG Anunoby,OG,Anunoby,nba,True,"6' 7""",240 lbs,og anunoby,og anunoby
4896850,Taran Armstrong,Taran,Armstrong,nba,False,"6' 5""",190 lbs,taran armstrong,taran armstrong
5162195,C.J. Asuncion-Byrd,C.J.,Asuncion-Byrd,nba,True,,,c j asuncion byrd,c j asuncion byrd
4702099,Zack Austin,Zack,Austin,nba,False,"6' 5""",216 lbs,zack austin,zack austin
4683021,Deni Avdija,Deni,Avdija,nba,True,"6' 8""",228 lbs,deni avdija,deni avdija
4590527,Ben Ayre,Ben,Ayre,nba,False,,,ben ayre,ben ayre
4278129,Deandre Ayton,Deandre,Ayton,nba,True,"7' 0""",252 lbs,deandre ayton,deandre ayton
4871140,Ibou Badji,Ibou,Badji,nba,False,"6' 10""",240 lbs,ibou badji,ibou badji
4433147,Marcus Bagley,Marcus,Bagley,nba,False,"6' 6""",217 lbs,marcus bagley,marcus bagley
4277848,Marvin Bagley III,Marvin,Bagley III,nba,True,"6' 10""",235 lbs,marvin bagley,marvin bagley iii
4873138,Ace Bailey,Ace,Bailey,nba,True,"6' 9""",200 lbs,ace bailey,ace bailey
4896365,Adama Bal,Adama,Bal,nba,True,"6' 7""",200 lbs,adama bal,adama bal
4433246,Patrick Baldwin Jr.,Patrick,Baldwin Jr.,nba,True,"6' 9""",220 lbs,patrick baldwin,patrick baldwin jr
4432816,LaMelo Ball,LaMelo,Ball,nba,True,"6' 7""",180 lbs,lamelo ball,lamelo ball
4066421,Lonzo Ball,Lonzo,Ball,nba,False,"6' 5""",190 lbs,lonzo ball,lonzo ball
4277919,Mo Bamba,Mo,Bamba,nba,False,"7' 0""",231 lbs,mo bamba,mo bamba
4432573,Paolo Banchero,Paolo,Banchero,nba,True,"6' 10""",250 lbs,paolo banchero,paolo banchero
4066320,Desmond Bane,Desmond,Bane,nba,True,"6' 6""",215 lbs,desmond bane,desmond bane
4397885,Dalano Banton,Dalano,Banton,nba,True,"6' 8""",203 lbs,dalano banton,dalano banton
2968437,David Barlow,David,Barlow,nba,True,"6' 9""",,david barlow,david barlow
4870562,Dominick Barlow,Dominick,Barlow,nba,True,"6' 9""",215 lbs,dominick barlow,dominick barlow
6578,Harrison Barnes,Harrison,Barnes,nba,True,"6' 7""",225 lbs,harrison barnes,harrison barnes
4433134,Scottie Barnes,Scottie,Barnes,nba,True,"6' 8""",237 lbs,scottie barnes,scottie barnes
4684208,Brooks Barnhizer,Brooks,Barnhizer,nba,True,"6' 6""",230 lbs,brooks barnhizer,brooks barnhizer
4395625,RJ Barrett,RJ,Barrett,nba,True,"6' 6""",214 lbs,rj barrett,rj barrett
4397886,Charles Bassey,Charles,Bassey,nba,True,"6' 10""",230 lbs,charles bassey,charles bassey
4683631,Daniel Batcho,Daniel,Batcho,nba,False,"6' 11""",245 lbs,daniel batcho,daniel batcho
4433620,Emoni Bates,Emoni,Bates,nba,False,"6' 8""",202 lbs,emoni bates,emoni bates
4683933,Tamar Bates,Tamar,Bates,nba,False,"6' 4""",195 lbs,tamar bates,tamar bates
4431893,Jamison Battle,Jamison,Battle,nba,True,"6' 7""",220 lbs,jamison battle,jamison battle
3416,Nicolas Batum,Nicolas,Batum,nba,True,"6' 7""",230 lbs,nicolas batum,nicolas batum
4431766,Damion Baugh,Damion,Baugh,nba,False,"6' 4""",194 lbs,damion baugh,damion baugh
6580,Bradley Beal,Bradley,Beal,nba,True,"6' 4""",207 lbs,bradley beal,bradley beal
3907822,Malik Beasley,Malik,Beasley,nba,False,"6' 4""",187 lbs,malik beasley,malik beasley
4432179,MarJon Beauchamp,MarJon,Beauchamp,nba,True,"6' 7""",199 lbs,marjon beauchamp,marjon beauchamp
4565203,Charles Bediako,Charles,Bediako,nba,False,"6' 11""",225 lbs,charles bediako,charles bediako
4432187,Reece Beekman,Reece,Beekman,nba,False,"6' 3""",190 lbs,reece beekman,reece beekman
5279133,Joan Beringer,Joan,Beringer,nba,True,"6' 11""",230 lbs,joan beringer,joan beringer
4397127,Jules Bernard,Jules,Bernard,nba,False,"6' 6""",210 lbs,jules bernard,jules bernard
5103881,Malcolm Bernard,Malcolm,Bernard,nba,False,,,malcolm bernard,malcolm bernard
4397136,Saddiq Bey,Saddiq,Bey,nba,True,"6' 8""",215 lbs,saddiq bey,saddiq bey
5311918,Ellis Biggar,Ellis,Biggar,nba,True,"6' 8""",,ellis biggar,ellis biggar
4348700,Goga Bitadze,Goga,Bitadze,nba,True,"6' 11""",250 lbs,goga bitadze,goga bitadze
6427,Bismack Biyombo,Bismack,Biyombo,nba,True,"6' 8""",255 lbs,bismack biyombo,bismack biyombo
4712849,Anthony Black,Anthony,Black,nba,True,"6' 7""",200 lbs,anthony black,anthony black
4395650,Leaky Black,Leaky,Black,nba,True,"6' 6""",209 lbs,leaky black,leaky black
4426157,Vrenz Bleijenbergh,Vrenz,Bleijenbergh,nba,False,"6' 10""",209 lbs,vrenz bleijenbergh,vrenz bleijenbergh
5091714,Campbell Blogg,Campbell,Blogg,nba,True,,,campbell blogg,campbell blogg
4395676,Buddy Boeheim,Buddy,Boeheim,nba,False,"6' 5""",205 lbs,buddy boeheim,buddy boeheim
3037789,Bogdan Bogdanovic,Bogdan,Bogdanovic,nba,True,"6' 5""",225 lbs,bogdan bogdanovic,bogdan bogdanovic
4397102,Bol Bol,Bol,Bol,nba,False,"7' 3""",220 lbs,bol bol,bol bol
4065652,Marques Bolden,Marques,Bolden,nba,False,"6' 10""",249 lbs,marques bolden,marques bolden
5105637,Adem Bona,Adem,Bona,nba,True,"6' 10""",235 lbs,adem bona,adem bona
3136193,Devin Booker,Devin,Booker,nba,True,"6' 5""",206 lbs,devin booker,devin booker
4432162,Brandon Boston,Brandon,Boston,nba,False,"6' 6""",188 lbs,brandon boston,brandon boston
3948153,Chris Boucher,Chris,Boucher,nba,False,"6' 8""",200 lbs,chris boucher,chris boucher
4280245,Jamaree Bouyea,Jamaree,Bouyea,nba,True,"6' 2""",180 lbs,jamaree bouyea,jamaree bouyea
5091547,Kyle Bowen,Kyle,Bowen,nba,True,,,kyle bowen,kyle bowen
5090590,Kingsley Box,Kingsley,Box,nba,True,,,kingsley box,kingsley box
4065673,Tony Bradley,Tony,Bradley,nba,True,"6' 10""",248 lbs,tony bradley,tony bradley
4279924,Pedro Bradshaw,Pedro,Bradshaw,nba,False,"6' 7""",180 lbs,pedro bradshaw,pedro bradshaw
4565201,Malaki Branham,Malaki,Branham,nba,False,"6' 4""",180 lbs,malaki branham,malaki branham
4431767,Christian Braun,Christian,Braun,nba,True,"6' 6""",220 lbs,christian braun,christian braun
4591259,Koby Brea,Koby,Brea,nba,True,"6' 5""",215 lbs,koby brea,koby brea
4432946,Jalen Bridges,Jalen,Bridges,nba,False,"6' 7""",225 lbs,jalen bridges,jalen bridges
3147657,Mikal Bridges,Mikal,Bridges,nba,True,"6' 6""",209 lbs,mikal bridges,mikal bridges
4066383,Miles Bridges,Miles,Bridges,nba,True,"6' 7""",225 lbs,miles bridges,miles bridges
4278031,Oshae Brissett,Oshae,Brissett,nba,False,"6' 7""",210 lbs,oshae brissett,oshae brissett
5090856,Ryan Broekhoff,Ryan,Broekhoff,nba,False,,,ryan broekhoff,ryan broekhoff
2566769,Malcolm Brogdon,Malcolm,Brogdon,nba,False,"6' 4""",229 lbs,malcolm brogdon,malcolm brogdon
3155526,Dillon Brooks,Dillon,Brooks,nba,True,"6' 7""",225 lbs,dillon brooks,dillon brooks
4277908,Garrison Brooks,Garrison,Brooks,nba,False,"6' 10""",240 lbs,garrison brooks,garrison brooks
4431689,Keion Brooks Jr.,Keion,Brooks Jr.,nba,False,"6' 7""",210 lbs,keion brooks,keion brooks jr
4433569,Johni Broome,Johni,Broome,nba,True,"6' 10""",235 lbs,johni broome,johni broome
2531362,Anthony Brown,Anthony,Brown,nba,True,"6' 7""",224 lbs,anthony brown,anthony brown
4065670,Bruce Brown,Bruce,Brown,nba,True,"6' 4""",202 lbs,bruce brown,bruce brown
4397450,Darius Brown,Darius,Brown,nba,False,"6' 2""",195 lbs,darius brown,darius brown
3917376,Jaylen Brown,Jaylen,Brown,nba,True,"6' 6""",223 lbs,jaylen brown,jaylen brown
2596203,John Brown,John,Brown,nba,True,"6' 8""",210 lbs,john brown,john brown
4433254,Kendall Brown,Kendall,Brown,nba,False,"6' 6""",205 lbs,kendall brown,kendall brown
4431752,Kobe Brown,Kobe,Brown,nba,True,"6' 7""",250 lbs,kobe brown,kobe brown
4397126,Moses Brown,Moses,Brown,nba,False,"7' 2""",258 lbs,moses brown,moses brown
4066508,Charlie Brown Jr.,Charlie,Brown Jr.,nba,False,"6' 6""",199 lbs,charlie brown,charlie brown jr
5099747,Gary Browne,Gary,Browne,nba,False,,,gary browne,gary browne
3934672,Jalen Brunson,Jalen,Brunson,nba,True,"6' 2""",190 lbs,jalen brunson,jalen brunson
5061568,Carter Bryant,Carter,Bryant,nba,True,"6' 6""",220 lbs,carter bryant,carter bryant
3934723,Thomas Bryant,Thomas,Bryant,nba,True,"6' 9""",248 lbs,thomas bryant,thomas bryant
4683736,Kobe Bufkin,Kobe,Bufkin,nba,False,"6' 4""",195 lbs,kobe bufkin,kobe bufkin
4592712,Boo Buie,Boo,Buie,nba,False,"6' 2""",180 lbs,boo buie,boo buie
6429,Alec Burks,Alec,Burks,nba,False,"6' 5""",214 lbs,alec burks,alec burks
4431914,Tyler Burton,Tyler,Burton,nba,False,"6' 7""",215 lbs,tyler burton,tyler burton
4395695,Jared Butler,Jared,Butler,nba,False,"6' 3""",193 lbs,jared butler,jared butler
4433183,Lamont Butler,Lamont,Butler,nba,False,"6' 2""",208 lbs,lamont butler,lamont butler
6430,Jimmy Butler III,Jimmy,Butler III,nba,True,"6' 6""",230 lbs,jimmy butler,jimmy butler iii
4711294,Matas Buzelis,Matas,Buzelis,nba,True,"6' 8""",209 lbs,matas buzelis,matas buzelis
4278572,Jamal Cain,Jamal,Cain,nba,True,"6' 7""",191 lbs,jamal cain,jamal cain
2581018,Kentavious Caldwell-Pope,Kentavious,Caldwell-Pope,nba,True,"6' 5""",204 lbs,kentavious caldwell pope,kentavious caldwell pope
4431736,Toumani Camara,Toumani,Camara,nba,True,"6' 7""",230 lbs,toumani camara,toumani camara
4230557,Vlatko Cancar,Vlatko,Cancar,nba,False,"6' 8""",236 lbs,vlatko cancar,vlatko cancar
3102529,Clint Capela,Clint,Capela,nba,True,"6' 10""",256 lbs,clint capela,clint capela
4433174,Dylan Cardwell,Dylan,Cardwell,nba,True,"6' 10""",255 lbs,dylan cardwell,dylan cardwell
4592435,Branden Carlson,Branden,Carlson,nba,True,"7' 0""",220 lbs,branden carlson,branden carlson
5099751,Jordan Caroline,Jordan,Caroline,nba,True,,,jordan caroline,jordan caroline
4702743,Andrew Carr,Andrew,Carr,nba,False,"6' 11""",235 lbs,andrew carr,andrew carr
4845374,Bub Carrington,Bub,Carrington,nba,True,"6' 4""",190 lbs,bub carrington,bub carrington
4433188,Devin Carter,Devin,Carter,nba,True,"6' 2""",195 lbs,devin carter,devin carter
3133635,Jevon Carter,Jevon,Carter,nba,True,"6' 0""",200 lbs,jevon carter,jevon carter
4277847,Wendell Carter Jr.,Wendell,Carter Jr.,nba,True,"6' 10""",270 lbs,wendell carter,wendell carter jr
4432820,D.J. Carton,D.J.,Carton,nba,False,"6' 3""",200 lbs,d j carton,d j carton
2991350,Alex Caruso,Alex,Caruso,nba,True,"6' 5""",186 lbs,alex caruso,alex caruso
4845367,Stephon Castle,Stephon,Castle,nba,True,"6' 6""",215 lbs,stephon castle,stephon castle
4397204,Colin Castleton,Colin,Castleton,nba,True,"6' 10""",250 lbs,colin castleton,colin castleton
4592479,Julian Champagnie,Julian,Champagnie,nba,True,"6' 7""",217 lbs,julian champagnie,julian champagnie
4432907,Justin Champagnie,Justin,Champagnie,nba,True,"6' 6""",206 lbs,justin champagnie,justin champagnie
4432646,Kennedy Chandler,Kennedy,Chandler,nba,True,"5' 11""",170 lbs,kennedy chandler,kennedy chandler
5211984,Ulrich Chomche,Ulrich,Chomche,nba,False,"6' 11""",235 lbs,ulrich chomche,ulrich chomche
4845363,Cam Christie,Cam,Christie,nba,True,"6' 5""",190 lbs,cam christie,cam christie
4432582,Max Christie,Max,Christie,nba,True,"6' 5""",190 lbs,max christie,max christie
4432168,Josh Christopher,Josh,Christopher,nba,False,"6' 4""",215 lbs,josh christopher,josh christopher
4701208,Moussa Cisse,Moussa,Cisse,nba,True,"6' 11""",220 lbs,moussa cisse,moussa cisse
5081727,Sidy Cissoko,Sidy,Cissoko,nba,True,"6' 6""",220 lbs,sidy cissoko,sidy cissoko
2489785,Ian Clark,Ian,Clark,nba,True,"6' 3""",175 lbs,ian clark,ian clark
4432247,Jaylen Clark,Jaylen,Clark,nba,True,"6' 5""",205 lbs,jaylen clark,jaylen clark
3906665,Brandon Clarke,Brandon,Clarke,nba,False,"6' 8""",215 lbs,brandon clarke,brandon clarke
2528426,Jordan Clarkson,Jordan,Clarkson,nba,True,"6' 5""",194 lbs,jordan clarkson,jordan clarkson
4278067,Nic Claxton,Nic,Claxton,nba,True,"6' 11""",215 lbs,nic claxton,nic claxton
4896372,Walter Clayton Jr.,Walter,Clayton Jr.,nba,True,"6' 4""",195 lbs,walter clayton,walter clayton jr
4897007,Matthew Cleveland,Matthew,Cleveland,nba,False,"6' 7""",210 lbs,matthew cleveland,matthew cleveland
4702384,Nique Clifford,Nique,Clifford,nba,True,"6' 5""",175 lbs,nique clifford,nique clifford
5105565,Donovan Clingan,Donovan,Clingan,nba,True,"7' 2""",280 lbs,donovan clingan,donovan clingan
4712896,Noah Clowney,Noah,Clowney,nba,True,"6' 10""",210 lbs,noah clowney,noah clowney
4066387,Amir Coffey,Amir,Coffey,nba,True,"6' 7""",210 lbs,amir coffey,amir coffey
4683766,Isaiah Collier,Isaiah,Collier,nba,True,"6' 4""",210 lbs,isaiah collier,isaiah collier
3908845,John Collins,John,Collins,nba,True,"6' 9""",226 lbs,john collins,john collins
4432957,Yuri Collins,Yuri,Collins,nba,False,"6' 0""",190 lbs,yuri collins,yuri collins
4066650,Zach Collins,Zach,Collins,nba,True,"6' 9""",250 lbs,zach collins,zach collins
3195,Mike Conley,Mike,Conley,nba,True,"6' 1""",175 lbs,mike conley,mike conley
2578239,Pat Connaughton,Pat,Connaughton,nba,True,"6' 5""",209 lbs,pat connaughton,pat connaughton
5170278,Tyler Cook,Tyler,Cook,nba,False,,,tyler cook,tyler cook
4597259,Javonte Cooke,Javonte,Cooke,nba,False,"6' 6""",182 lbs,javonte cooke,javonte cooke
4432173,Sharife Cooper,Sharife,Cooper,nba,True,"6' 0""",176 lbs,sharife cooper,sharife cooper
5104155,Bilal Coulibaly,Bilal,Coulibaly,nba,True,"6' 7""",195 lbs,bilal coulibaly,bilal coulibaly
4701234,Ricky Council IV,Ricky,Council IV,nba,False,"6' 6""",207 lbs,ricky council,ricky council iv
4903027,Cedric Coward,Cedric,Coward,nba,True,"6' 5""",206 lbs,cedric coward,cedric coward
2528693,Torrey Craig,Torrey,Craig,nba,False,"6' 5""",221 lbs,torrey craig,torrey craig
4592857,Isaiah Crawford,Isaiah,Crawford,nba,True,"6' 6""",220 lbs,isaiah crawford,isaiah crawford
5090675,Mitchell Creek,Mitchell,Creek,nba,False,,,mitchell creek,mitchell creek
4433563,Matt Cross,Matt,Cross,nba,False,"6' 7""",230 lbs,matt cross,matt cross
6581,Jae Crowder,Jae,Crowder,nba,False,"6' 6""",235 lbs,jae crowder,jae crowder
4588201,Steven Crowl,Steven,Crowl,nba,False,"7' 0""",248 lbs,steven crowl,steven crowl
4278352,Jalen Crutcher,Jalen,Crutcher,nba,False,"6' 1""",165 lbs,jalen crutcher,jalen crutcher
4433149,LJ Cryer,LJ,Cryer,nba,True,"6' 0""",200 lbs,lj cryer,lj cryer
4066486,Jarron Cumberland,Jarron,Cumberland,nba,False,"6' 5""",205 lbs,jarron cumberland,jarron cumberland
5165259,Will Cummings,Will,Cummings,nba,False,,,will cummings,will cummings
4432166,Cade Cunningham,Cade,Cunningham,nba,True,"6' 6""",220 lbs,cade cunningham,cade cunningham
2326307,Seth Curry,Seth,Curry,nba,True,"6' 1""",185 lbs,seth curry,seth curry
3975,Stephen Curry,Stephen,Curry,nba,True,"6' 2""",185 lbs,stephen curry,stephen curry
4702382,Tristan da Silva,Tristan,da Silva,nba,True,"6' 8""",217 lbs,tristan da silva,tristan da silva
5211983,Pacome Dadiet,Pacome,Dadiet,nba,True,"6' 9""",210 lbs,pacome dadiet,pacome dadiet
4432189,Dain Dainja,Dain,Dainja,nba,False,"6' 9""",271 lbs,dain dainja,dain dainja
5308884,Dash Daniels,Dash,Daniels,nba,True,"6' 7""",,dash daniels,dash daniels
4869342,Dyson Daniels,Dyson,Daniels,nba,True,"6' 7""",199 lbs,dyson daniels,dyson daniels
4592401,N'Faly Dante,N'Faly,Dante,nba,False,"6' 11""",230 lbs,n faly dante,n faly dante
6583,Anthony Davis,Anthony,Davis,nba,True,"6' 10""",253 lbs,anthony davis,anthony davis
4433176,RJ Davis,RJ,Davis,nba,False,"6' 0""",175 lbs,rj davis,rj davis
3919454,Terence Davis,Terence,Davis,nba,False,"6' 4""",201 lbs,terence davis,terence davis
4576085,JD Davison,JD,Davison,nba,True,"6' 1""",195 lbs,jd davison,jd davison
5090929,Duom Dawam,Duom,Dawam,nba,False,,,duom dawam,duom dawam
4394655,Finn Delaney,Finn,Delaney,nba,True,"6' 7""",225 lbs,finn delaney,finn delaney
2489716,Matthew Dellavedova,Matthew,Dellavedova,nba,False,"6' 3""",200 lbs,matthew dellavedova,matthew dellavedova
5175643,Egor Demin,Egor,Demin,nba,True,"6' 8""",200 lbs,egor demin,egor demin
4396676,Dexter Dennis,Dexter,Dennis,nba,False,"6' 5""",210 lbs,dexter dennis,dexter dennis
4431941,RayJ Dennis,RayJ,Dennis,nba,True,"6' 2""",180 lbs,rayj dennis,rayj dennis
3978,DeMar DeRozan,DeMar,DeRozan,nba,True,"6' 6""",220 lbs,demar derozan,demar derozan
4433249,Moussa Diabate,Moussa,Diabate,nba,True,"6' 10""",210 lbs,moussa diabate,moussa diabate
5289900,Mohamed Diawara,Mohamed,Diawara,nba,True,"6' 9""",225 lbs,mohamed diawara,mohamed diawara
5106258,Gradey Dick,Gradey,Dick,nba,True,"6' 7""",200 lbs,gradey dick,gradey dick
4432180,Hunter Dickinson,Hunter,Dickinson,nba,True,"7' 1""",255 lbs,hunter dickinson,hunter dickinson
4997526,Ousmane Dieng,Ousmane,Dieng,nba,True,"6' 9""",185 lbs,ousmane dieng,ousmane dieng
4684275,Rob Dillingham,Rob,Dillingham,nba,True,"6' 2""",175 lbs,rob dillingham,rob dillingham
2580782,Spencer Dinwiddie,Spencer,Dinwiddie,nba,False,"6' 5""",215 lbs,spencer dinwiddie,spencer dinwiddie
3934673,Donte DiVincenzo,Donte,DiVincenzo,nba,True,"6' 4""",203 lbs,donte divincenzo,donte divincenzo
4431718,Eric Dixon,Eric,Dixon,nba,False,"6' 6""",255 lbs,eric dixon,eric dixon
3945274,Luka Doncic,Luka,Doncic,nba,True,"6' 8""",230 lbs,luka doncic,luka doncic
4397020,Luguentz Dort,Luguentz,Dort,nba,True,"6' 4""",220 lbs,luguentz dort,luguentz dort
4397002,Ayo Dosunmu,Ayo,Dosunmu,nba,True,"6' 4""",200 lbs,ayo dosunmu,ayo dosunmu
4066786,Jeff Dowtin Jr.,Jeff,Dowtin Jr.,nba,False,"6' 3""",177 lbs,jeff dowtin,jeff dowtin jr
2992564,Milton Doyle,Milton,Doyle,nba,True,"6' 4""",180 lbs,milton doyle,milton doyle
6585,Andre Drummond,Andre,Drummond,nba,True,"6' 11""",279 lbs,andre drummond,andre drummond
5090703,Joshua Duach,Joshua,Duach,nba,True,,,joshua duach,joshua duach
4432971,Alex Ducas,Alex,Ducas,nba,False,"6' 7""",220 lbs,alex ducas,alex ducas
4397107,David Duke Jr.,David,Duke Jr.,nba,False,"6' 4""",204 lbs,david duke,david duke jr
2991139,Kris Dunn,Kris,Dunn,nba,True,"6' 3""",205 lbs,kris dunn,kris dunn
4888725,Ryan Dunn,Ryan,Dunn,nba,True,"6' 7""",216 lbs,ryan dunn,ryan dunn
3202,Kevin Durant,Kevin,Durant,nba,True,"6' 11""",240 lbs,kevin durant,kevin durant
4433621,Jalen Duren,Jalen,Duren,nba,True,"6' 10""",250 lbs,jalen duren,jalen duren
5144067,Nikola Durisic,Nikola,Durisic,nba,False,"6' 8""",214 lbs,nikola durisic,nikola durisic
4433192,Tari Eason,Tari,Eason,nba,True,"6' 8""",215 lbs,tari eason,tari eason
4592453,Sean East II,Sean,East II,nba,False,"6' 3""",180 lbs,sean east,sean east ii
4600663,Zach Edey,Zach,Edey,nba,True,"7' 3""",305 lbs,zach edey,zach edey
5124612,VJ Edgecombe,VJ,Edgecombe,nba,True,"6' 4""",180 lbs,vj edgecombe,vj edgecombe
4594268,Anthony Edwards,Anthony,Edwards,nba,True,"6' 4""",225 lbs,anthony edwards,anthony edwards
4431816,Jesse Edwards,Jesse,Edwards,nba,True,"7' 0""",236 lbs,jesse edwards,jesse edwards
4711297,Justin Edwards,Justin,Edwards,nba,True,"6' 7""",203 lbs,justin edwards,justin edwards
4397693,Kessler Edwards,Kessler,Edwards,nba,False,"6' 8""",203 lbs,kessler edwards,kessler edwards
4702177,Keon Ellis,Keon,Ellis,nba,True,"6' 4""",175 lbs,keon ellis,keon ellis
3059318,Joel Embiid,Joel,Embiid,nba,True,"7' 0""",280 lbs,joel embiid,joel embiid
4431734,Tristan Enaruna,Tristan,Enaruna,nba,True,"6' 7""",220 lbs,tristan enaruna,tristan enaruna
5242496,Noa Essengue,Noa,Essengue,nba,True,"6' 8""",200 lbs,noa essengue,noa essengue
4432887,Tyson Etienne,Tyson,Etienne,nba,True,"6' 0""",200 lbs,tyson etienne,tyson etienne
3914285,Drew Eubanks,Drew,Eubanks,nba,True,"6' 10""",245 lbs,drew eubanks,drew eubanks
4597865,Tosan Evbuomwan,Tosan,Evbuomwan,nba,True,"6' 8""",217 lbs,tosan evbuomwan,tosan evbuomwan
3102528,Dante Exum,Dante,Exum,nba,False,"6' 5""",214 lbs,dante exum,dante exum
5162199,Ke'Jhan Feagin,Ke'Jhan,Feagin,nba,True,,,ke jhan feagin,ke jhan feagin
5144091,Jeremiah Fears,Jeremiah,Fears,nba,True,"6' 3""",190 lbs,jeremiah fears,jeremiah fears
5237564,Luke Fennell,Luke,Fennell,nba,False,,,luke fennell,luke fennell
4684793,Kyle Filipowski,Kyle,Filipowski,nba,True,"6' 11""",250 lbs,kyle filipowski,kyle filipowski
242,Michael Finley,Michael,Finley,nba,False,"6' 7""",225 lbs,michael finley,michael finley
2578185,Dorian Finney-Smith,Dorian,Finney-Smith,nba,True,"6' 7""",220 lbs,dorian finney smith,dorian finney smith
5041939,Cooper Flagg,Cooper,Flagg,nba,True,"6' 9""",205 lbs,cooper flagg,cooper flagg
4397654,Adam Flagler,Adam,Flagler,nba,False,"6' 1""",180 lbs,adam flagler,adam flagler
5105977,Rasheer Fleming,Rasheer,Fleming,nba,True,"6' 9""",240 lbs,rasheer fleming,rasheer fleming
5165257,Trentyn Flowers,Trentyn,Flowers,nba,False,"6' 9""",185 lbs,trentyn flowers,trentyn flowers
3899664,Simone Fontecchio,Simone,Fontecchio,nba,True,"6' 7""",220 lbs,simone fontecchio,simone fontecchio
4702876,Daniel Foster,Daniel,Foster,nba,True,"6' 6""",215 lbs,daniel foster,daniel foster
5157591,Joel Fowell,Joel,Fowell,nba,True,,,joel fowell,joel fowell
4066259,De'Aaron Fox,De'Aaron,Fox,nba,True,"6' 3""",185 lbs,de aaron fox,de aaron fox
5311924,Austin Foxwell,Austin,Foxwell,nba,True,,,austin foxwell,austin foxwell
5230863,Joel Foxwell,Joel,Foxwell,nba,True,,,joel foxwell,joel foxwell
5243933,Joel Foxwell,Joel,Foxwell,nba,True,,,joel foxwell,joel foxwell
5091711,Owen Foxwell,Owen,Foxwell,nba,True,,,owen foxwell,owen foxwell
5090984,Jacob Foy,Jacob,Foy,nba,False,,,jacob foy,jacob foy
4592699,Enrique Freeman,Enrique,Freeman,nba,True,"6' 9""",220 lbs,enrique freeman,enrique freeman
4432869,Zach Freemantle,Zach,Freemantle,nba,False,"6' 9""",227 lbs,zach freemantle,zach freemantle
4066636,Markelle Fultz,Markelle,Fultz,nba,False,"6' 4""",209 lbs,markelle fultz,markelle fultz
5157066,Johnny Furphy,Johnny,Furphy,nba,True,"6' 8""",200 lbs,johnny furphy,johnny furphy
4278049,Daniel Gafford,Daniel,Gafford,nba,True,"6' 10""",265 lbs,daniel gafford,daniel gafford
4066257,Gorjok Gak,Gorjok,Gak,nba,True,"6' 11""",235 lbs,gorjok gak,gorjok gak
4702431,Andersson Garcia,Andersson,Garcia,nba,False,"6' 7""",220 lbs,andersson garcia,andersson garcia
4432188,Dawson Garcia,Dawson,Garcia,nba,False,"6' 9""",235 lbs,dawson garcia,dawson garcia
4431772,Myron Gardner,Myron,Gardner,nba,True,"6' 5""",225 lbs,myron gardner,myron gardner
4396907,Darius Garland,Darius,Garland,nba,True,"6' 1""",192 lbs,darius garland,darius garland
4277892,Marcus Garrett,Marcus,Garrett,nba,False,"6' 5""",205 lbs,marcus garrett,marcus garrett
4277951,Luka Garza,Luka,Garza,nba,True,"6' 10""",243 lbs,luka garza,luka garza
4433627,Keyonte George,Keyonte,George,nba,True,"6' 4""",185 lbs,keyonte george,keyonte george
5174563,Kyshawn George,Kyshawn,George,nba,True,"6' 8""",200 lbs,kyshawn george,kyshawn george
4251,Paul George,Paul,George,nba,True,"6' 8""",220 lbs,paul george,paul george
3986,Taj Gibson,Taj,Gibson,nba,True,"6' 9""",232 lbs,taj gibson,taj gibson
4871145,Josh Giddey,Josh,Giddey,nba,True,"6' 7""",216 lbs,josh giddey,josh giddey
4585618,Keshon Gilbert,Keshon,Gilbert,nba,True,"6' 4""",200 lbs,keshon gilbert,keshon gilbert
4278073,Shai Gilgeous-Alexander,Shai,Gilgeous-Alexander,nba,True,"6' 6""",195 lbs,shai gilgeous alexander,shai gilgeous alexander
2581184,Anthony Gill,Anthony,Gill,nba,True,"6' 7""",230 lbs,anthony gill,anthony gill
4278585,Collin Gillespie,Collin,Gillespie,nba,True,"6' 1""",195 lbs,collin gillespie,collin gillespie
5090490,Angus Glover,Angus,Glover,nba,True,,,angus glover,angus glover
3032976,Rudy Gobert,Rudy,Gobert,nba,True,"7' 1""",258 lbs,rudy gobert,rudy gobert
4700818,Vladislav Goldin,Vladislav,Goldin,nba,True,"7' 0""",255 lbs,vladislav goldin,vladislav goldin
5175647,Hugo Gonzalez,Hugo,Gonzalez,nba,True,"6' 6""",200 lbs,hugo gonzalez,hugo gonzalez
4278402,Jordan Goodwin,Jordan,Goodwin,nba,True,"6' 3""",215 lbs,jordan goodwin,jordan goodwin
3064290,Aaron Gordon,Aaron,Gordon,nba,True,"6' 8""",235 lbs,aaron gordon,aaron gordon
3431,Eric Gordon,Eric,Gordon,nba,False,"6' 3""",215 lbs,eric gordon,eric gordon
4708972,Jazian Gortman,Jazian,Gortman,nba,False,"6' 1""",175 lbs,jazian gortman,jazian gortman
3137807,Chris Goulding,Chris,Goulding,nba,True,"6' 4""",203 lbs,chris goulding,chris goulding
2991070,Jerami Grant,Jerami,Grant,nba,True,"6' 7""",213 lbs,jerami grant,jerami grant
5176420,Hayden Gray,Hayden,Gray,nba,True,"6' 4""",190 lbs,hayden gray,hayden gray
4397475,AJ Green,AJ,Green,nba,True,"6' 4""",190 lbs,aj green,aj green
6589,Draymond Green,Draymond,Green,nba,True,"6' 6""",230 lbs,draymond green,draymond green
4437244,Jalen Green,Jalen,Green,nba,True,"6' 4""",186 lbs,jalen green,jalen green
2596112,Javonte Green,Javonte,Green,nba,True,"6' 5""",205 lbs,javonte green,javonte green
3209,Jeff Green,Jeff,Green,nba,True,"6' 8""",235 lbs,jeff green,jeff green
4432811,Josh Green,Josh,Green,nba,True,"6' 6""",200 lbs,josh green,josh green
4431973,Caleb Grill,Caleb,Grill,nba,False,"6' 3""",205 lbs,caleb grill,caleb grill
4397014,Quentin Grimes,Quentin,Grimes,nba,True,"6' 4""",210 lbs,quentin grimes,quentin grimes
4432996,Quincy Guerrier,Quincy,Guerrier,nba,False,"6' 8""",220 lbs,quincy guerrier,quincy guerrier
4592933,Mouhamadou Gueye,Mouhamadou,Gueye,nba,True,"6' 9""",210 lbs,mouhamadou gueye,mouhamadou gueye
4712863,Mouhamed Gueye,Mouhamed,Gueye,nba,True,"6' 11""",210 lbs,mouhamed gueye,mouhamed gueye
4066648,Rui Hachimura,Rui,Hachimura,nba,True,"6' 8""",230 lbs,rui hachimura,rui hachimura
4396993,Tyrese Haliburton,Tyrese,Haliburton,nba,True,"6' 5""",185 lbs,tyrese haliburton,tyrese haliburton
4701225,PJ Hall,PJ,Hall,nba,True,"6' 8""",245 lbs,pj hall,pj hall
5217746,Yang Hansen,Yang,Hansen,nba,True,"7' 1""",270 lbs,yang hansen,yang hansen
2528210,Tim Hardaway Jr.,Tim,Hardaway Jr.,nba,True,"6' 5""",205 lbs,tim hardaway,tim hardaway jr
3992,James Harden,James,Harden,nba,True,"6' 5""",220 lbs,james harden,james harden
4868423,Jaden Hardy,Jaden,Hardy,nba,True,"6' 3""",198 lbs,jaden hardy,jaden hardy
4397449,Elijah Harkless,Elijah,Harkless,nba,True,"6' 3""",195 lbs,elijah harkless,elijah harkless
5037871,Dylan Harper,Dylan,Harper,nba,True,"6' 5""",215 lbs,dylan harper,dylan harper
4397251,Ron Harper Jr.,Ron,Harper Jr.,nba,True,"6' 5""",233 lbs,ron harper,ron harper jr
2999547,Gary Harris,Gary,Harris,nba,True,"6' 4""",210 lbs,gary harris,gary harris
4067858,Kevon Harris,Kevon,Harris,nba,False,"6' 5""",216 lbs,kevon harris,kevon harris
6440,Tobias Harris,Tobias,Harris,nba,True,"6' 8""",226 lbs,tobias harris,tobias harris
3062679,Josh Hart,Josh,Hart,nba,True,"6' 5""",215 lbs,josh hart,josh hart
4222252,Isaiah Hartenstein,Isaiah,Hartenstein,nba,True,"7' 0""",250 lbs,isaiah hartenstein,isaiah hartenstein
4065804,Sam Hauser,Sam,Hauser,nba,True,"6' 7""",217 lbs,sam hauser,sam hauser
4683750,Jordan Hawkins,Jordan,Hawkins,nba,True,"6' 5""",190 lbs,jordan hawkins,jordan hawkins
4397077,Jaxson Hayes,Jaxson,Hayes,nba,True,"7' 0""",220 lbs,jaxson hayes,jaxson hayes
4683024,Killian Hayes,Killian,Hayes,nba,True,"6' 4""",195 lbs,killian hayes,killian hayes
3059409,Nigel Hayes-Davis,Nigel,Hayes-Davis,nba,False,"6' 7""",254 lbs,nigel hayes davis,nigel hayes davis
4683678,Scoot Henderson,Scoot,Henderson,nba,True,"6' 3""",207 lbs,scoot henderson,scoot henderson
4684806,Taylor Hendricks,Taylor,Hendricks,nba,True,"6' 9""",215 lbs,taylor hendricks,taylor hendricks
4590360,Chucky Hepburn,Chucky,Hepburn,nba,True,"6' 0""",190 lbs,chucky hepburn,chucky hepburn
4395725,Tyler Herro,Tyler,Herro,nba,True,"6' 5""",205 lbs,tyler herro,tyler herro
2990984,Buddy Hield,Buddy,Hield,nba,True,"6' 4""",220 lbs,buddy hield,buddy hield
4291678,Haywood Highsmith,Haywood,Highsmith,nba,True,"6' 5""",220 lbs,haywood highsmith,haywood highsmith
3056245,Malcolm Hill,Malcolm,Hill,nba,False,"6' 6""",225 lbs,malcolm hill,malcolm hill
4396963,Blake Hinson,Blake,Hinson,nba,True,"6' 8""",230 lbs,blake hinson,blake hinson
4396629,Nate Hinton,Nate,Hinton,nba,False,"6' 5""",210 lbs,nate hinton,nate hinton
4702702,D'Moi Hodge,D'Moi,Hodge,nba,False,"6' 4""",180 lbs,d moi hodge,d moi hodge
3922230,Aaron Holiday,Aaron,Holiday,nba,True,"6' 0""",185 lbs,aaron holiday,aaron holiday
3995,Jrue Holiday,Jrue,Holiday,nba,True,"6' 4""",220 lbs,jrue holiday,jrue holiday
4683771,Ronald Holland II,Ronald,Holland II,nba,True,"6' 8""",206 lbs,ronald holland,ronald holland ii
2993370,Richaun Holmes,Richaun,Holmes,nba,False,"6' 9""",235 lbs,richaun holmes,richaun holmes
4433607,DaRon Holmes II,DaRon,Holmes II,nba,True,"6' 9""",225 lbs,daron holmes,daron holmes ii
4433255,Chet Holmgren,Chet,Holmgren,nba,True,"7' 1""",208 lbs,chet holmgren,chet holmgren
4433626,Jalen Hood-Schifino,Jalen,Hood-Schifino,nba,False,"6' 5""",210 lbs,jalen hood schifino,jalen hood schifino
3213,Al Horford,Al,Horford,nba,True,"6' 8""",240 lbs,al horford,al horford
4396991,Talen Horton-Tucker,Talen,Horton-Tucker,nba,False,"6' 4""",234 lbs,talen horton tucker,talen horton tucker
4433623,Caleb Houstan,Caleb,Houstan,nba,True,"6' 8""",205 lbs,caleb houstan,caleb houstan
5105806,Jett Howard,Jett,Howard,nba,True,"6' 8""",215 lbs,jett howard,jett howard
4066372,Kevin Huerter,Kevin,Huerter,nba,True,"6' 6""",198 lbs,kevin huerter,kevin huerter
4065731,Jay Huff,Jay,Huff,nba,True,"7' 1""",240 lbs,jay huff,jay huff
4871141,Ariel Hukporti,Ariel,Hukporti,nba,True,"7' 0""",246 lbs,ariel hukporti,ariel hukporti
4396638,Feron Hunt,Feron,Hunt,nba,False,"6' 8""",195 lbs,feron hunt,feron hunt
4065732,De'Andre Hunter,De'Andre,Hunter,nba,True,"6' 7""",221 lbs,de andre hunter,de andre hunter
5090701,Jordan Hunter,Jordan,Hunter,nba,True,,,jordan hunter,jordan hunter
4702602,CJ Huntley,CJ,Huntley,nba,True,"6' 9""",190 lbs,cj huntley,cj huntley
5235878,Matt Hurt,Matt,Hurt,nba,False,,,matt hurt,matt hurt
4592492,Bones Hyland,Bones,Hyland,nba,True,"6' 2""",169 lbs,bones hyland,bones hyland
4601023,Oso Ighodaro,Oso,Ighodaro,nba,True,"6' 11""",235 lbs,oso ighodaro,oso ighodaro
4394963,Shea Ili,Shea,Ili,nba,True,"6' 0""",,shea ili,shea ili
2968436,Joe Ingles,Joe,Ingles,nba,True,"6' 8""",220 lbs,joe ingles,joe ingles
3913176,Brandon Ingram,Brandon,Ingram,nba,True,"6' 8""",190 lbs,brandon ingram,brandon ingram
4433618,Harrison Ingram,Harrison,Ingram,nba,True,"6' 5""",230 lbs,harrison ingram,harrison ingram
6442,Kyrie Irving,Kyrie,Irving,nba,True,"6' 2""",195 lbs,kyrie irving,kyrie irving
4065654,Jonathan Isaac,Jonathan,Isaac,nba,True,"6' 10""",230 lbs,jonathan isaac,jonathan isaac
4433218,Jaden Ivey,Jaden,Ivey,nba,False,"6' 3""",195 lbs,jaden ivey,jaden ivey
3074797,Wes Iwundu,Wes,Iwundu,nba,True,"6' 6""",195 lbs,wes iwundu,wes iwundu
5105550,GG Jackson,GG,Jackson,nba,True,"6' 9""",210 lbs,gg jackson,gg jackson
4432170,Isaiah Jackson,Isaiah,Jackson,nba,True,"6' 8""",205 lbs,isaiah jackson,isaiah jackson
4592829,Quenton Jackson,Quenton,Jackson,nba,True,"6' 4""",173 lbs,quenton jackson,quenton jackson
4432190,Andre Jackson Jr.,Andre,Jackson Jr.,nba,True,"6' 6""",209 lbs,andre jackson,andre jackson jr
4277961,Jaren Jackson Jr.,Jaren,Jackson Jr.,nba,True,"6' 10""",242 lbs,jaren jackson,jaren jackson jr
4431684,Trayce Jackson-Davis,Trayce,Jackson-Davis,nba,True,"6' 9""",245 lbs,trayce jackson davis,trayce jackson davis
5214640,Kasparas Jakucionis,Kasparas,Jakucionis,nba,True,"6' 5""",205 lbs,kasparas jakucionis,kasparas jakucionis
4683774,Bronny James,Bronny,James,nba,True,"6' 2""",210 lbs,bronny james,bronny james
1966,LeBron James,LeBron,James,nba,True,"6' 9""",250 lbs,lebron james,lebron james
4602025,Sion James,Sion,James,nba,True,"6' 5""",220 lbs,sion james,sion james
4432848,Jaime Jaquez Jr.,Jaime,Jaquez Jr.,nba,True,"6' 6""",230 lbs,jaime jaquez,jaime jaquez jr
4066796,DeJon Jarreau,DeJon,Jarreau,nba,False,"6' 5""",185 lbs,dejon jarreau,dejon jarreau
3913220,DaQuan Jeffries,DaQuan,Jeffries,nba,False,"6' 5""",222 lbs,daquan jeffries,daquan jeffries
4395623,Trey Jemison III,Trey,Jemison III,nba,True,"6' 10""",270 lbs,trey jemison,trey jemison iii
5107199,Daniss Jenkins,Daniss,Jenkins,nba,True,"6' 4""",165 lbs,daniss jenkins,daniss jenkins
4065733,Ty Jerome,Ty,Jerome,nba,True,"6' 5""",195 lbs,ty jerome,ty jerome
4395702,Isaiah Joe,Isaiah,Joe,nba,True,"6' 4""",165 lbs,isaiah joe,isaiah joe
5170947,AJ Johnson,AJ,Johnson,nba,True,"6' 5""",160 lbs,aj johnson,aj johnson
4067045,Alize Johnson,Alize,Johnson,nba,False,"6' 8""",212 lbs,alize johnson,alize johnson
4590526,Bijan Johnson,Bijan,Johnson,nba,False,,,bijan johnson,bijan johnson
3138196,Cameron Johnson,Cameron,Johnson,nba,True,"6' 8""",210 lbs,cameron johnson,cameron johnson
5174655,Chaney Johnson,Chaney,Johnson,nba,True,"6' 8""",225 lbs,chaney johnson,chaney johnson
5103882,Daniel Johnson,Daniel,Johnson,nba,False,,,daniel johnson,daniel johnson
4701230,Jalen Johnson,Jalen,Johnson,nba,True,"6' 8""",219 lbs,jalen johnson,jalen johnson
3999,James Johnson,James,Johnson,nba,False,"6' 7""",240 lbs,james johnson,james johnson
4280280,Javan Johnson,Javan,Johnson,nba,False,"6' 6""",192 lbs,javan johnson,javan johnson
4395723,Keldon Johnson,Keldon,Johnson,nba,True,"6' 5""",220 lbs,keldon johnson,keldon johnson
4432192,Keon Johnson,Keon,Johnson,nba,False,"6' 5""",185 lbs,keon johnson,keon johnson
4431786,Keshad Johnson,Keshad,Johnson,nba,True,"6' 6""",230 lbs,keshad johnson,keshad johnson
4683857,Kobe Johnson,Kobe,Johnson,nba,False,"6' 6""",200 lbs,kobe johnson,kobe johnson
5238230,Tre Johnson,Tre,Johnson,nba,True,"6' 5""",190 lbs,tre johnson,tre johnson
5091606,Venky Jois,Venky,Jois,nba,False,,,venky jois,venky jois
3112335,Nikola Jokic,Nikola,Jokic,nba,True,"6' 11""",284 lbs,nikola jokic,nikola jokic
4433378,Colby Jones,Colby,Jones,nba,False,"6' 6""",207 lbs,colby jones,colby jones
4898369,Curtis Jones,Curtis,Jones,nba,True,"6' 3""",195 lbs,curtis jones,curtis jones
4702159,Dillon Jones,Dillon,Jones,nba,True,"6' 5""",235 lbs,dillon jones,dillon jones
4277813,Herbert Jones,Herbert,Jones,nba,True,"6' 7""",206 lbs,herbert jones,herbert jones
5107818,Isaac Jones,Isaac,Jones,nba,True,"6' 8""",245 lbs,isaac jones,isaac jones
4431699,Kai Jones,Kai,Jones,nba,False,"6' 11""",221 lbs,kai jones,kai jones
4697268,Kam Jones,Kam,Jones,nba,True,"6' 4""",200 lbs,kam jones,kam jones
4395704,Mason Jones,Mason,Jones,nba,False,"6' 4""",200 lbs,mason jones,mason jones
4592427,Spencer Jones,Spencer,Jones,nba,True,"6' 7""",225 lbs,spencer jones,spencer jones
4397000,Tevian Jones,Tevian,Jones,nba,False,"6' 7""",220 lbs,tevian jones,tevian jones
4395626,Tre Jones,Tre,Jones,nba,True,"6' 1""",185 lbs,tre jones,tre jones
3135046,Tyus Jones,Tyus,Jones,nba,True,"6' 0""",196 lbs,tyus jones,tyus jones
4713010,David Jones Garcia,David,Jones Garcia,nba,True,"6' 4""",210 lbs,david jones garcia,david jones garcia
3936099,Derrick Jones Jr.,Derrick,Jones Jr.,nba,True,"6' 6""",210 lbs,derrick jones,derrick jones jr
3442,DeAndre Jordan,DeAndre,Jordan,nba,True,"6' 11""",265 lbs,deandre jordan,deandre jordan
6446,Cory Joseph,Cory,Joseph,nba,False,"6' 2""",200 lbs,cory joseph,cory joseph
4997528,Nikola Jovic,Nikola,Jovic,nba,True,"6' 10""",240 lbs,nikola jovic,nikola jovic
4432817,Johnny Juzang,Johnny,Juzang,nba,False,"6' 7""",226 lbs,johnny juzang,johnny juzang
4065660,Mfiondu Kabengele,Mfiondu,Kabengele,nba,False,"6' 10""",250 lbs,mfiondu kabengele,mfiondu kabengele
5157596,Erik Kafritsas,Erik,Kafritsas,nba,True,,,erik kafritsas,erik kafritsas
4576060,Ryan Kalkbrenner,Ryan,Kalkbrenner,nba,True,"7' 1""",256 lbs,ryan kalkbrenner,ryan kalkbrenner
4433599,Arthur Kaluma,Arthur,Kaluma,nba,False,"6' 6""",223 lbs,arthur kaluma,arthur kaluma
5159895,Yuki Kawamura,Yuki,Kawamura,nba,True,"5' 7""",159 lbs,yuki kawamura,yuki kawamura
4432645,Trevor Keels,Trevor,Keels,nba,True,"6' 4""",221 lbs,trevor keels,trevor keels
3950760,Kylor Kelley,Kylor,Kelley,nba,False,"7' 0""",230 lbs,kylor kelley,kylor kelley
4696317,Miles Kelly,Miles,Kelly,nba,False,"6' 4""",190 lbs,miles kelly,miles kelly
3913174,Luke Kennard,Luke,Kennard,nba,True,"6' 5""",206 lbs,luke kennard,luke kennard
4703889,Jayson Kent,Jayson,Kent,nba,True,"6' 8""",215 lbs,jayson kent,jayson kent
4433136,Walker Kessler,Walker,Kessler,nba,True,"7' 2""",245 lbs,walker kessler,walker kessler
4066240,Braxton Key,Braxton,Key,nba,False,"6' 8""",225 lbs,braxton key,braxton key
4279143,Tyreke Key,Tyreke,Key,nba,False,"6' 2""",211 lbs,tyreke key,tyreke key
429,Jason Kidd,Jason,Kidd,nba,False,"6' 4""",210 lbs,jason kidd,jason kidd
4397537,Taevion Kinsey,Taevion,Kinsey,nba,False,"6' 5""",190 lbs,taevion kinsey,taevion kinsey
4280151,Corey Kispert,Corey,Kispert,nba,True,"6' 6""",224 lbs,corey kispert,corey kispert
2960236,Maxi Kleber,Maxi,Kleber,nba,True,"6' 10""",240 lbs,maxi kleber,maxi kleber
4906923,Bobi Klintman,Bobi,Klintman,nba,False,"6' 9""",225 lbs,bobi klintman,bobi klintman
4897943,Dalton Knecht,Dalton,Knecht,nba,True,"6' 6""",215 lbs,dalton knecht,dalton knecht
4278075,Kevin Knox II,Kevin,Knox II,nba,False,"6' 8""",215 lbs,kevin knox,kevin knox ii
5061575,Kon Knueppel,Kon,Knueppel,nba,True,"6' 6""",215 lbs,kon knueppel,kon knueppel
4433225,Tyler Kolek,Tyler,Kolek,nba,True,"6' 2""",195 lbs,tyler kolek,tyler kolek
4431778,Christian Koloko,Christian,Koloko,nba,True,"6' 11""",225 lbs,christian koloko,christian koloko
3134932,John Konchar,John,Konchar,nba,True,"6' 5""",210 lbs,john konchar,john konchar
4397231,Miller Kopp,Miller,Kopp,nba,False,"6' 7""",215 lbs,miller kopp,miller kopp
5162197,Tom Koppens,Tom,Koppens,nba,True,,,tom koppens,tom koppens
3064560,Luke Kornet,Luke,Kornet,nba,True,"7' 1""",250 lbs,luke kornet,luke kornet
5091604,Tanner Krebs,Tanner,Krebs,nba,True,,,tanner krebs,tanner krebs
4578893,Vit Krejci,Vit,Krejci,nba,True,"6' 8""",195 lbs,vit krejci,vit krejci
5090864,Fabijan Krslovic,Fabijan,Krslovic,nba,True,,,fabijan krslovic,fabijan krslovic
4433247,Jonathan Kuminga,Jonathan,Kuminga,nba,True,"6' 7""",225 lbs,jonathan kuminga,jonathan kuminga
3134907,Kyle Kuzma,Kyle,Kuzma,nba,True,"6' 8""",221 lbs,kyle kuzma,kyle kuzma
3936296,Skal Labissiere,Skal,Labissiere,nba,False,"6' 10""",235 lbs,skal labissiere,skal labissiere
3146557,Jock Landale,Jock,Landale,nba,True,"6' 11""",255 lbs,jock landale,jock landale
4700852,Chaz Lanier,Chaz,Lanier,nba,True,"6' 3""",206 lbs,chaz lanier,chaz lanier
4592691,Jake LaRavia,Jake,LaRavia,nba,True,"6' 7""",235 lbs,jake laravia,jake laravia
4601025,Pelle Larsson,Pelle,Larsson,nba,True,"6' 5""",215 lbs,pelle larsson,pelle larsson
3064440,Zach LaVine,Zach,LaVine,nba,True,"6' 5""",200 lbs,zach lavine,zach lavine
4067017,A.J. Lawson,A.J.,Lawson,nba,True,"6' 6""",179 lbs,a j lawson,a j lawson
2595209,Damion Lee,Damion,Lee,nba,False,"6' 6""",210 lbs,damion lee,damion lee
5232420,Marcus Lee,Marcus,Lee,nba,False,,,marcus lee,marcus lee
2596107,Alex Len,Alex,Len,nba,False,"7' 0""",250 lbs,alex len,alex len
6450,Kawhi Leonard,Kawhi,Leonard,nba,True,"6' 6""",225 lbs,kawhi leonard,kawhi leonard
4897449,Malevy Leons,Malevy,Leons,nba,True,"6' 9""",203 lbs,malevy leons,malevy leons
2991043,Caris LeVert,Caris,LeVert,nba,True,"6' 7""",205 lbs,caris levert,caris levert
5184016,Malique Lewis,Malique,Lewis,nba,True,"6' 7""",195 lbs,malique lewis,malique lewis
4432821,E.J. Liddell,E.J.,Liddell,nba,True,"6' 6""",240 lbs,e j liddell,e j liddell
6606,Damian Lillard,Damian,Lillard,nba,True,"6' 2""",200 lbs,damian lillard,damian lillard
4683688,Dereck Lively II,Dereck,Lively II,nba,True,"7' 1""",230 lbs,dereck lively,dereck lively ii
4277957,Isaiah Livers,Isaiah,Livers,nba,True,"6' 6""",232 lbs,isaiah livers,isaiah livers
4433622,Chris Livingston,Chris,Livingston,nba,False,"6' 6""",220 lbs,chris livingston,chris livingston
2581180,Shawn Long,Shawn,Long,nba,True,"6' 9""",255 lbs,shawn long,shawn long
3155535,Kevon Looney,Kevon,Looney,nba,True,"6' 9""",222 lbs,kevon looney,kevon looney
3448,Brook Lopez,Brook,Lopez,nba,True,"7' 1""",282 lbs,brook lopez,brook lopez
4433144,Caleb Love,Caleb,Love,nba,True,"6' 3""",212 lbs,caleb love,caleb love
3449,Kevin Love,Kevin,Love,nba,True,"6' 10""",251 lbs,kevin love,kevin love
4596528,Lawson Lovering,Lawson,Lovering,nba,False,"7' 1""",233 lbs,lawson lovering,lawson lovering
3012,Kyle Lowry,Kyle,Lowry,nba,True,"6' 0""",196 lbs,kyle lowry,kyle lowry
3920136,Jo Lual-Acuil Jr.,Jo,Lual-Acuil Jr.,nba,False,"7' 0""",210 lbs,jo lual acuil,jo lual acuil jr
5106035,RJ Luis Jr.,RJ,Luis Jr.,nba,False,"6' 6""",215 lbs,rj luis,rj luis jr
4431775,Seth Lundy,Seth,Lundy,nba,False,"6' 4""",220 lbs,seth lundy,seth lundy
3136196,Trey Lyles,Trey,Lyles,nba,False,"6' 9""",234 lbs,trey lyles,trey lyles
5090900,Malith Machar,Malith,Machar,nba,True,,,malith machar,malith machar
4432753,Gabe Madsen,Gabe,Madsen,nba,False,"6' 6""",200 lbs,gabe madsen,gabe madsen
2992286,Majok Majok,Majok,Majok,nba,False,"6' 9""",245 lbs,majok majok,majok majok
4280267,Hunter Maldonado,Hunter,Maldonado,nba,False,"6' 7""",202 lbs,hunter maldonado,hunter maldonado
5203685,Khaman Maluach,Khaman,Maluach,nba,True,"7' 1""",250 lbs,khaman maluach,khaman maluach
4278580,Sandro Mamukelashvili,Sandro,Mamukelashvili,nba,True,"6' 9""",240 lbs,sandro mamukelashvili,sandro mamukelashvili
5184021,Kyle Mangas,Kyle,Mangas,nba,False,"6' 4""",200 lbs,kyle mangas,kyle mangas
3907823,Terance Mann,Terance,Mann,nba,True,"6' 6""",215 lbs,terance mann,terance mann
4432819,Tre Mann,Tre,Mann,nba,True,"6' 4""",178 lbs,tre mann,tre mann
4702972,Chris Manon,Chris,Manon,nba,True,"6' 4""",209 lbs,chris manon,chris manon
5091585,Ngor Manyang,Ngor,Manyang,nba,False,,,ngor manyang,ngor manyang
4897197,Augustas Marciulionis,Augustas,Marciulionis,nba,False,"6' 4""",200 lbs,augustas marciulionis,augustas marciulionis
4066336,Lauri Markkanen,Lauri,Markkanen,nba,True,"7' 1""",240 lbs,lauri markkanen,lauri markkanen
5214989,Bogoljub Markovic,Bogoljub,Markovic,nba,False,"6' 11""",210 lbs,bogoljub markovic,bogoljub markovic
4278594,Naji Marshall,Naji,Marshall,nba,True,"6' 6""",220 lbs,naji marshall,naji marshall
4702656,Alijah Martin,Alijah,Martin,nba,True,"6' 2""",210 lbs,alijah martin,alijah martin
3138160,Caleb Martin,Caleb,Martin,nba,True,"6' 5""",205 lbs,caleb martin,caleb martin
3138161,Cody Martin,Cody,Martin,nba,False,"6' 6""",205 lbs,cody martin,cody martin
4684737,Jaylen Martin,Jaylen,Martin,nba,False,"6' 6""",216 lbs,jaylen martin,jaylen martin
4431828,KJ Martin,KJ,Martin,nba,False,"6' 6""",215 lbs,kj martin,kj martin
4397179,Tyrese Martin,Tyrese,Martin,nba,True,"6' 6""",215 lbs,tyrese martin,tyrese martin
5241365,Mitch Mascari,Mitch,Mascari,nba,False,"6' 5""",200 lbs,mitch mascari,mitch mascari
4683934,Jahmai Mashack,Jahmai,Mashack,nba,True,"6' 3""",197 lbs,jahmai mashack,jahmai mashack
3913180,Garrison Mathews,Garrison,Mathews,nba,False,"6' 6""",215 lbs,garrison mathews,garrison mathews
4683634,Bennedict Mathurin,Bennedict,Mathurin,nba,True,"6' 5""",210 lbs,bennedict mathurin,bennedict mathurin
4997538,Karlo Matkovic,Karlo,Matkovic,nba,True,"6' 10""",231 lbs,karlo matkovic,karlo matkovic
4432394,Cameron Matthews,Cameron,Matthews,nba,False,"6' 7""",235 lbs,cameron matthews,cameron matthews
4431678,Tyrese Maxey,Tyrese,Maxey,nba,True,"6' 2""",200 lbs,tyrese maxey,tyrese maxey
4898237,Bez Mbeng,Bez,Mbeng,nba,True,"6' 4""",185 lbs,bez mbeng,bez mbeng
4431823,Miles McBride,Miles,McBride,nba,True,"6' 2""",195 lbs,miles mcbride,miles mcbride
4683778,Jared McCain,Jared,McCain,nba,True,"6' 3""",195 lbs,jared mccain,jared mccain
4397071,Mac McClung,Mac,McClung,nba,True,"6' 2""",185 lbs,mac mcclung,mac mcclung
2490149,CJ McCollum,CJ,McCollum,nba,True,"6' 3""",190 lbs,cj mccollum,cj mccollum
2530530,T.J. McConnell,T.J.,McConnell,nba,True,"6' 1""",190 lbs,t j mcconnell,t j mcconnell
4411057,Kevin McCullar Jr.,Kevin,McCullar Jr.,nba,True,"6' 6""",210 lbs,kevin mccullar,kevin mccullar jr
4431671,Jaden McDaniels,Jaden,McDaniels,nba,True,"6' 9""",185 lbs,jaden mcdaniels,jaden mcdaniels
4066731,Jalen McDaniels,Jalen,McDaniels,nba,False,"6' 9""",205 lbs,jalen mcdaniels,jalen mcdaniels
2528588,Doug McDermott,Doug,McDermott,nba,True,"6' 7""",225 lbs,doug mcdermott,doug mcdermott
4398356,Gabe McGlothan,Gabe,McGlothan,nba,False,"6' 7""",235 lbs,gabe mcglothan,gabe mcglothan
4576086,Bryce McGowens,Bryce,McGowens,nba,True,"6' 6""",190 lbs,bryce mcgowens,bryce mcgowens
4066315,Cam McGriff,Cam,McGriff,nba,False,"6' 7""",220 lbs,cam mcgriff,cam mcgriff
3134916,Jordan McLaughlin,Jordan,McLaughlin,nba,True,"6' 0""",185 lbs,jordan mclaughlin,jordan mclaughlin
5239590,Liam McNeeley,Liam,McNeeley,nba,True,"6' 7""",210 lbs,liam mcneeley,liam mcneeley
3911893,Jack McVeigh,Jack,McVeigh,nba,False,"6' 8""",215 lbs,jack mcveigh,jack mcveigh
4066436,De'Anthony Melton,De'Anthony,Melton,nba,True,"6' 2""",200 lbs,de anthony melton,de anthony melton
4397371,Nate Mensah,Nate,Mensah,nba,False,"6' 9""",230 lbs,nate mensah,nate mensah
4066757,Sam Merrill,Sam,Merrill,nba,True,"6' 4""",205 lbs,sam merrill,sam merrill
3102532,Vasilije Micic,Vasilije,Micic,nba,False,"6' 3""",188 lbs,vasilije micic,vasilije micic
6609,Khris Middleton,Khris,Middleton,nba,True,"6' 7""",222 lbs,khris middleton,khris middleton
4897404,Igor Milicic Jr.,Igor,Milicic Jr.,nba,False,"6' 10""",225 lbs,igor milicic,igor milicic jr
4433287,Brandon Miller,Brandon,Miller,nba,True,"6' 7""",200 lbs,brandon miller,brandon miller
4432872,Emanuel Miller,Emanuel,Miller,nba,True,"6' 5""",215 lbs,emanuel miller,emanuel miller
4396818,Jordan Miller,Jordan,Miller,nba,True,"6' 5""",194 lbs,jordan miller,jordan miller
5044385,Leonard Miller,Leonard,Miller,nba,True,"6' 10""",220 lbs,leonard miller,leonard miller
6611,Quincy Miller,Quincy,Miller,nba,True,"6' 10""",220 lbs,quincy miller,quincy miller
4004,Patty Mills,Patty,Mills,nba,False,"6' 2""",180 lbs,patty mills,patty mills
3915195,Shake Milton,Shake,Milton,nba,False,"6' 5""",205 lbs,shake milton,shake milton
4278111,Justin Minaya,Justin,Minaya,nba,False,"6' 5""",205 lbs,justin minaya,justin minaya
5177362,Riley Minix,Riley,Minix,nba,True,"6' 7""",230 lbs,riley minix,riley minix
4687718,Josh Minott,Josh,Minott,nba,True,"6' 8""",205 lbs,josh minott,josh minott
5061589,Yves Missi,Yves,Missi,nba,True,"6' 11""",235 lbs,yves missi,yves missi
4900671,Ajay Mitchell,Ajay,Mitchell,nba,True,"6' 4""",190 lbs,ajay mitchell,ajay mitchell
4278053,Davion Mitchell,Davion,Mitchell,nba,True,"6' 0""",210 lbs,davion mitchell,davion mitchell
4065751,DJ Mitchell,DJ,Mitchell,nba,True,"6' 8""",215 lbs,dj mitchell,dj mitchell
3908809,Donovan Mitchell,Donovan,Mitchell,nba,True,"6' 2""",215 lbs,donovan mitchell,donovan mitchell
4432158,Evan Mobley,Evan,Mobley,nba,True,"6' 11""",215 lbs,evan mobley,evan mobley
4432815,Isaiah Mobley,Isaiah,Mobley,nba,False,"6' 8""",238 lbs,isaiah mobley,isaiah mobley
5107897,Jonathan Mogbo,Jonathan,Mogbo,nba,True,"6' 9""",225 lbs,jonathan mogbo,jonathan mogbo
4277762,Craig Moller,Craig,Moller,nba,False,,,craig moller,craig moller
4066262,Malik Monk,Malik,Monk,nba,True,"6' 3""",200 lbs,malik monk,malik monk
4432171,Moses Moody,Moses,Moody,nba,True,"6' 5""",211 lbs,moses moody,moses moody
4592187,Wendell Moore Jr.,Wendell,Moore Jr.,nba,True,"6' 5""",215 lbs,wendell moore,wendell moore jr
4593034,Alex Morales,Alex,Morales,nba,True,"6' 6""",180 lbs,alex morales,alex morales
4279888,Ja Morant,Ja,Morant,nba,True,"6' 2""",174 lbs,ja morant,ja morant
6461,Markieff Morris,Markieff,Morris,nba,False,"6' 9""",245 lbs,markieff morris,markieff morris
3059310,Monte Morris,Monte,Morris,nba,False,"6' 2""",183 lbs,monte morris,monte morris
4593762,David Muoka,David,Muoka,nba,False,"6' 10""",235 lbs,david muoka,david muoka
4397688,Trey Murphy III,Trey,Murphy III,nba,True,"6' 8""",206 lbs,trey murphy,trey murphy iii
3907497,Dejounte Murray,Dejounte,Murray,nba,True,"6' 4""",180 lbs,dejounte murray,dejounte murray
3936299,Jamal Murray,Jamal,Murray,nba,True,"6' 4""",215 lbs,jamal murray,jamal murray
4594327,Keegan Murray,Keegan,Murray,nba,True,"6' 8""",225 lbs,keegan murray,keegan murray
4594326,Kris Murray,Kris,Murray,nba,True,"6' 8""",218 lbs,kris murray,kris murray
4398029,Dwight Murray Jr.,Dwight,Murray Jr.,nba,False,"6' 0""",180 lbs,dwight murray,dwight murray jr
5093267,Collin Murray-Boyles,Collin,Murray-Boyles,nba,True,"6' 7""",245 lbs,collin murray boyles,collin murray boyles
4702442,Matthew Murrell,Matthew,Murrell,nba,False,"6' 4""",205 lbs,matthew murrell,matthew murrell
3133602,Svi Mykhailiuk,Svi,Mykhailiuk,nba,True,"6' 7""",205 lbs,svi mykhailiuk,svi mykhailiuk
2595435,Abdel Nader,Abdel,Nader,nba,False,"6' 5""",225 lbs,abdel nader,abdel nader
5157999,Ngor Nai,Ngor,Nai,nba,False,,,ngor nai,ngor nai
4397233,Pete Nance,Pete,Nance,nba,True,"6' 9""",225 lbs,pete nance,pete nance
2580365,Larry Nance Jr.,Larry,Nance Jr.,nba,True,"6' 6""",245 lbs,larry nance,larry nance jr
5144071,Eli John Ndiaye,Eli John,Ndiaye,nba,False,"6' 8""",209 lbs,eli john ndiaye,eli john ndiaye
4702670,Grant Nelson,Grant,Nelson,nba,False,"6' 11""",230 lbs,grant nelson,grant nelson
4395712,Andrew Nembhard,Andrew,Nembhard,nba,True,"6' 4""",191 lbs,andrew nembhard,andrew nembhard
4433629,Ryan Nembhard,Ryan,Nembhard,nba,True,"5' 11""",180 lbs,ryan nembhard,ryan nembhard
4396909,Aaron Nesmith,Aaron,Nesmith,nba,True,"6' 5""",215 lbs,aaron nesmith,aaron nesmith
4873201,Asa Newell,Asa,Newell,nba,True,"6' 10""",220 lbs,asa newell,asa newell
3222,Brad Newley,Brad,Newley,nba,True,"6' 6""",205 lbs,brad newley,brad newley
4592965,Tristen Newton,Tristen,Newton,nba,True,"6' 5""",190 lbs,tristen newton,tristen newton
2990969,Georges Niang,Georges,Niang,nba,False,"6' 6""",230 lbs,georges niang,georges niang
5281137,Saliou Niang,Saliou,Niang,nba,False,"6' 8""",204 lbs,saliou niang,saliou niang
5108024,Yanic Konan Niederhauser,Yanic Konan,Niederhauser,nba,True,"6' 11""",242 lbs,yanic konan niederhauser,yanic konan niederhauser
4431690,Zeke Nnaji,Zeke,Nnaji,nba,True,"6' 10""",240 lbs,zeke nnaji,zeke nnaji
4397104,Miles Norris,Miles,Norris,nba,False,"6' 7""",220 lbs,miles norris,miles norris
3102530,Jusuf Nurkic,Jusuf,Nurkic,nba,True,"6' 11""",290 lbs,jusuf nurkic,jusuf nurkic
4277846,Alex O'Connell,Alex,O'Connell,nba,False,"6' 6""",185 lbs,alex o connell,alex o connell
2583632,Royce O'Neale,Royce,O'Neale,nba,True,"6' 6""",226 lbs,royce o neale,royce o neale
4702481,Johnny O'Neil,Johnny,O'Neil,nba,False,"6' 10""",205 lbs,johnny o neil,johnny o neil
4432068,Josh Oduro,Josh,Oduro,nba,True,"6' 9""",240 lbs,josh oduro,josh oduro
4700873,Toby Okani,Toby,Okani,nba,True,"6' 8""",210 lbs,toby okani,toby okani
4278052,Chuma Okeke,Chuma,Okeke,nba,False,"6' 7""",229 lbs,chuma okeke,chuma okeke
4065663,Josh Okogie,Josh,Okogie,nba,True,"6' 4""",213 lbs,josh okogie,josh okogie
4431680,Onyeka Okongwu,Onyeka,Okongwu,nba,True,"6' 10""",240 lbs,onyeka okongwu,onyeka okongwu
4432822,Isaac Okoro,Isaac,Okoro,nba,True,"6' 4""",225 lbs,isaac okoro,isaac okoro
5107156,Lachlan Olbrich,Lachlan,Olbrich,nba,True,"6' 8""",236 lbs,lachlan olbrich,lachlan olbrich
2489663,Kelly Olynyk,Kelly,Olynyk,nba,True,"7' 0""",240 lbs,kelly olynyk,kelly olynyk
4702134,Norchad Omier,Norchad,Omier,nba,True,"6' 5""",248 lbs,norchad omier,norchad omier
4066410,Eugene Omoruyi,Eugene,Omoruyi,nba,False,"6' 7""",244 lbs,eugene omoruyi,eugene omoruyi
3133603,Kelly Oubre Jr.,Kelly,Oubre Jr.,nba,True,"6' 8""",203 lbs,kelly oubre,kelly oubre jr
4397999,Cameron Parker,Cameron,Parker,nba,False,"6' 2""",180 lbs,cameron parker,cameron parker
2779,Chris Paul,Chris,Paul,nba,False,"6' 0""",175 lbs,chris paul,chris paul
3064230,Cameron Payne,Cameron,Payne,nba,False,"6' 3""",183 lbs,cameron payne,cameron payne
2583639,Elfrid Payton,Elfrid,Payton,nba,False,"6' 3""",195 lbs,elfrid payton,elfrid payton
3134903,Gary Payton II,Gary,Payton II,nba,True,"6' 2""",195 lbs,gary payton,gary payton ii
4432185,Micah Peavy,Micah,Peavy,nba,True,"6' 7""",220 lbs,micah peavy,micah peavy
4709131,Sean Pedulla,Sean,Pedulla,nba,True,"6' 1""",195 lbs,sean pedulla,sean pedulla
5214637,Noah Penda,Noah,Penda,nba,True,"6' 7""",215 lbs,noah penda,noah penda
4703421,Taelon Peter,Taelon,Peter,nba,True,"6' 3""",185 lbs,taelon peter,taelon peter
4397689,Drew Peterson,Drew,Peterson,nba,False,"6' 8""",205 lbs,drew peterson,drew peterson
5105553,Julian Phillips,Julian,Phillips,nba,True,"6' 6""",198 lbs,julian phillips,julian phillips
4398390,Jalen Pickett,Jalen,Pickett,nba,True,"6' 2""",202 lbs,jalen pickett,jalen pickett
5175060,Jonathan Pierre,Jonathan,Pierre,nba,False,"6' 9""",210 lbs,jonathan pierre,jonathan pierre
4431785,Scotty Pippen Jr.,Scotty,Pippen Jr.,nba,True,"6' 2""",170 lbs,scotty pippen,scotty pippen jr
2203031,Alex Pledger,Alex,Pledger,nba,True,"7' 1""",245 lbs,alex pledger,alex pledger
4279318,Daeqwon Plowden,Daeqwon,Plowden,nba,True,"6' 6""",216 lbs,daeqwon plowden,daeqwon plowden
2488653,Mason Plumlee,Mason,Plumlee,nba,True,"7' 0""",254 lbs,mason plumlee,mason plumlee
4709138,Brandin Podziemski,Brandin,Podziemski,nba,True,"6' 4""",205 lbs,brandin podziemski,brandin podziemski
5157594,Daniel Poelsma,Daniel,Poelsma,nba,True,,,daniel poelsma,daniel poelsma
3134908,Jakob Poeltl,Jakob,Poeltl,nba,True,"7' 0""",253 lbs,jakob poeltl,jakob poeltl
4277956,Jordan Poole,Jordan,Poole,nba,True,"6' 4""",194 lbs,jordan poole,jordan poole
4897397,Wooga Poplar,Wooga,Poplar,nba,False,"6' 5""",197 lbs,wooga poplar,wooga poplar
4701233,Craig Porter Jr.,Craig,Porter Jr.,nba,True,"6' 1""",180 lbs,craig porter,craig porter jr
4397140,Kevin Porter Jr.,Kevin,Porter Jr.,nba,True,"6' 5""",203 lbs,kevin porter,kevin porter jr
4278104,Michael Porter Jr.,Michael,Porter Jr.,nba,True,"6' 10""",218 lbs,michael porter,michael porter jr
3064482,Bobby Portis,Bobby,Portis,nba,True,"6' 9""",250 lbs,bobby portis,bobby portis
3102531,Kristaps Porzingis,Kristaps,Porzingis,nba,True,"7' 2""",240 lbs,kristaps porzingis,kristaps porzingis
4593016,Quinten Post,Quinten,Post,nba,True,"7' 0""",238 lbs,quinten post,quinten post
4066399,Micah Potter,Micah,Potter,nba,True,"6' 9""",248 lbs,micah potter,micah potter
4898238,John Poulakidas,John,Poulakidas,nba,True,"6' 6""",205 lbs,john poulakidas,john poulakidas
5037873,Drake Powell,Drake,Powell,nba,True,"6' 5""",195 lbs,drake powell,drake powell
2531367,Dwight Powell,Dwight,Powell,nba,True,"6' 10""",240 lbs,dwight powell,dwight powell
2595516,Norman Powell,Norman,Powell,nba,True,"6' 4""",215 lbs,norman powell,norman powell
4397916,Jason Preston,Jason,Preston,nba,False,"6' 3""",181 lbs,jason preston,jason preston
2990962,Taurean Prince,Taurean,Prince,nba,True,"6' 6""",218 lbs,taurean prince,taurean prince
4066354,Payton Pritchard,Payton,Pritchard,nba,True,"6' 1""",195 lbs,payton pritchard,payton pritchard
5023693,Tyrese Proctor,Tyrese,Proctor,nba,True,"6' 4""",185 lbs,tyrese proctor,tyrese proctor
4595400,Olivier-Maxence Prosper,Olivier-Maxence,Prosper,nba,True,"6' 7""",230 lbs,olivier maxence prosper,olivier maxence prosper
4592979,Zyon Pullin,Zyon,Pullin,nba,True,"6' 4""",206 lbs,zyon pullin,zyon pullin
5091706,Zhou Qi,Zhou,Qi,nba,False,,,zhou qi,zhou qi
4869780,Derik Queen,Derik,Queen,nba,True,"6' 9""",250 lbs,derik queen,derik queen
4409222,Trevelin Queen,Trevelin,Queen,nba,False,"6' 5""",190 lbs,trevelin queen,trevelin queen
4397424,Neemias Queta,Neemias,Queta,nba,True,"7' 0""",248 lbs,neemias queta,neemias queta
4395724,Immanuel Quickley,Immanuel,Quickley,nba,True,"6' 2""",190 lbs,immanuel quickley,immanuel quickley
4431720,Lester Quinones,Lester,Quinones,nba,False,"6' 4""",208 lbs,lester quinones,lester quinones
3064514,Julius Randle,Julius,Randle,nba,True,"6' 9""",250 lbs,julius randle,julius randle
5157998,Austin Rapp,Austin,Rapp,nba,False,,,austin rapp,austin rapp
5090919,Xavier Rathan-Mayes,Xavier,Rathan-Mayes,nba,True,,,xavier rathan mayes,xavier rathan mayes
4898371,Maxime Raynaud,Maxime,Raynaud,nba,True,"7' 1""",250 lbs,maxime raynaud,maxime raynaud
4066268,Duop Reath,Duop,Reath,nba,False,"6' 9""",245 lbs,duop reath,duop reath
4066457,Austin Reaves,Austin,Reaves,nba,True,"6' 5""",197 lbs,austin reaves,austin reaves
4278562,Paul Reed,Paul,Reed,nba,True,"6' 9""",210 lbs,paul reed,paul reed
4277812,Alex Reese,Alex,Reese,nba,False,"6' 9""",245 lbs,alex reese,alex reese
4683742,Julian Reese,Julian,Reese,nba,True,"6' 9""",252 lbs,julian reese,julian reese
4592686,Antonio Reeves,Antonio,Reeves,nba,True,"6' 5""",205 lbs,antonio reeves,antonio reeves
4396971,Naz Reid,Naz,Reid,nba,True,"6' 9""",264 lbs,naz reid,naz reid
4397119,Jared Rhoden,Jared,Rhoden,nba,False,"6' 5""",210 lbs,jared rhoden,jared rhoden
4897262,Will Richard,Will,Richard,nba,True,"6' 3""",206 lbs,will richard,will richard
4278076,Nick Richards,Nick,Richards,nba,True,"6' 11""",245 lbs,nick richards,nick richards
5239561,Jase Richardson,Jase,Richardson,nba,True,"6' 1""",180 lbs,jase richardson,jase richardson
4701845,Kadary Richmond,Kadary,Richmond,nba,False,"6' 6""",205 lbs,kadary richmond,kadary richmond
5144126,Will Riley,Will,Riley,nba,True,"6' 9""",180 lbs,will riley,will riley
5211175,Zaccharie Risacher,Zaccharie,Risacher,nba,True,"6' 8""",200 lbs,zaccharie risacher,zaccharie risacher
5099759,Anzac Rissetto,Anzac,Rissetto,nba,False,,,anzac rissetto,anzac rissetto
3157465,Duncan Robinson,Duncan,Robinson,nba,True,"6' 7""",215 lbs,duncan robinson,duncan robinson
4351852,Mitchell Robinson,Mitchell,Robinson,nba,True,"7' 0""",240 lbs,mitchell robinson,mitchell robinson
4593049,Orlando Robinson,Orlando,Robinson,nba,False,"6' 10""",235 lbs,orlando robinson,orlando robinson
4432813,Jeremiah Robinson-Earl,Jeremiah,Robinson-Earl,nba,False,"6' 9""",240 lbs,jeremiah robinson earl,jeremiah robinson earl
4593041,David Roddy,David,Roddy,nba,True,"6' 4""",255 lbs,david roddy,david roddy
4432103,DJ Rodman,DJ,Rodman,nba,False,"6' 6""",225 lbs,dj rodman,dj rodman
4591725,Ryan Rollins,Ryan,Rollins,nba,True,"6' 3""",180 lbs,ryan rollins,ryan rollins
5157997,Luke Rosendale,Luke,Rosendale,nba,True,,,luke rosendale,luke rosendale
4066889,Jackson Rowe,Jackson,Rowe,nba,False,"6' 6""",210 lbs,jackson rowe,jackson rowe
3074752,Terry Rozier,Terry,Rozier,nba,False,"6' 1""",190 lbs,terry rozier,terry rozier
5099752,Rayan Rupert,Rayan,Rupert,nba,True,"6' 7""",205 lbs,rayan rupert,rayan rupert
3136776,D'Angelo Russell,D'Angelo,Russell,nba,True,"6' 3""",193 lbs,d angelo russell,d angelo russell
4397114,Cormac Ryan,Cormac,Ryan,nba,True,"6' 5""",195 lbs,cormac ryan,cormac ryan
3908336,Matt Ryan,Matt,Ryan,nba,False,"6' 6""",215 lbs,matt ryan,matt ryan
4910882,Patrick Ryan,Patrick,Ryan,nba,True,"6' 5""",,patrick ryan,patrick ryan
3155942,Domantas Sabonis,Domantas,Sabonis,nba,True,"6' 10""",240 lbs,domantas sabonis,domantas sabonis
5211176,Tidjane Salaun,Tidjane,Salaun,nba,True,"6' 10""",207 lbs,tidjane salaun,tidjane salaun
4433281,Hunter Sallis,Hunter,Sallis,nba,False,"6' 4""",185 lbs,hunter sallis,hunter sallis
4432105,Tyrese Samuel,Tyrese,Samuel,nba,False,"6' 8""",239 lbs,tyrese samuel,tyrese samuel
4702352,Kobe Sanders,Kobe,Sanders,nba,True,"6' 8""",207 lbs,kobe sanders,kobe sanders
4697270,Payton Sandfort,Payton,Sandfort,nba,True,"6' 8""",215 lbs,payton sandfort,payton sandfort
4997536,Gui Santos,Gui,Santos,nba,True,"6' 7""",185 lbs,gui santos,gui santos
5242502,Ben Saraf,Ben,Saraf,nba,True,"6' 6""",200 lbs,ben saraf,ben saraf
3032978,Dario Saric,Dario,Saric,nba,False,"6' 10""",225 lbs,dario saric,dario saric
5160992,Alex Sarr,Alex,Sarr,nba,True,"7' 0""",205 lbs,alex sarr,alex sarr
4278046,Olivier Sarr,Olivier,Sarr,nba,True,"6' 10""",240 lbs,olivier sarr,olivier sarr
4432107,Marcus Sasser,Marcus,Sasser,nba,True,"6' 1""",195 lbs,marcus sasser,marcus sasser
4593841,Baylor Scheierman,Baylor,Scheierman,nba,True,"6' 6""",205 lbs,baylor scheierman,baylor scheierman
3032979,Dennis Schroder,Dennis,Schroder,nba,True,"6' 1""",175 lbs,dennis schroder,dennis schroder
3934620,Trevon Scott,Trevon,Scott,nba,True,"6' 8""",225 lbs,trevon scott,trevon scott
4703530,Mark Sears,Mark,Sears,nba,False,"6' 0""",185 lbs,mark sears,mark sears
4871144,Alperen Sengun,Alperen,Sengun,nba,True,"6' 11""",243 lbs,alperen sengun,alperen sengun
5105839,Brice Sensabaugh,Brice,Sensabaugh,nba,True,"6' 6""",235 lbs,brice sensabaugh,brice sensabaugh
4704043,Steve Settle III,Steve,Settle III,nba,False,"6' 10""",192 lbs,steve settle,steve settle iii
5311498,Henry Sewell,Henry,Sewell,nba,True,"6' 9""",,henry sewell,henry sewell
4277811,Collin Sexton,Collin,Sexton,nba,True,"6' 3""",190 lbs,collin sexton,collin sexton
3914044,Landry Shamet,Landry,Shamet,nba,True,"6' 5""",190 lbs,landry shamet,landry shamet
4432847,Terrence Shannon Jr.,Terrence,Shannon Jr.,nba,True,"6' 6""",215 lbs,terrence shannon,terrence shannon jr
4897696,Jamarion Sharp,Jamarion,Sharp,nba,False,"7' 5""",235 lbs,jamarion sharp,jamarion sharp
4432194,Day'Ron Sharpe,Day'Ron,Sharpe,nba,True,"6' 10""",265 lbs,day ron sharpe,day ron sharpe
4914336,Shaedon Sharpe,Shaedon,Sharpe,nba,True,"6' 5""",210 lbs,shaedon sharpe,shaedon sharpe
4432241,Jamal Shead,Jamal,Shead,nba,True,"6' 1""",200 lbs,jamal shead,jamal shead
5090718,Austin Shelley,Austin,Shelley,nba,False,,,austin shelley,austin shelley
4433076,Ben Sheppard,Ben,Sheppard,nba,True,"6' 6""",190 lbs,ben sheppard,ben sheppard
4711272,Reed Sheppard,Reed,Sheppard,nba,True,"6' 2""",185 lbs,reed sheppard,reed sheppard
4277768,Sam Short,Sam,Short,nba,True,"6' 5""",,sam short,sam short
4701992,Max Shulga,Max,Shulga,nba,True,"6' 4""",210 lbs,max shulga,max shulga
4701228,Christian Shumate,Christian,Shumate,nba,False,"6' 6""",213 lbs,christian shumate,christian shumate
3149673,Pascal Siakam,Pascal,Siakam,nba,True,"6' 8""",245 lbs,pascal siakam,pascal siakam
3907387,Ben Simmons,Ben,Simmons,nba,False,"6' 10""",240 lbs,ben simmons,ben simmons
4351851,Anfernee Simons,Anfernee,Simons,nba,True,"6' 3""",200 lbs,anfernee simons,anfernee simons
4683834,KJ Simpson,KJ,Simpson,nba,True,"6' 2""",189 lbs,kj simpson,kj simpson
4397570,Jaylen Sims,Jaylen,Sims,nba,False,"6' 6""",210 lbs,jaylen sims,jaylen sims
4277922,Jericho Sims,Jericho,Sims,nba,True,"6' 10""",250 lbs,jericho sims,jericho sims
4398207,Jalen Slawson,Jalen,Slawson,nba,True,"6' 7""",215 lbs,jalen slawson,jalen slawson
4781746,Javon Small,Javon,Small,nba,True,"6' 1""",190 lbs,javon small,javon small
4396972,Javonte Smart,Javonte,Smart,nba,False,"6' 4""",205 lbs,javonte smart,javonte smart
2990992,Marcus Smart,Marcus,Smart,nba,True,"6' 3""",220 lbs,marcus smart,marcus smart
4433184,Deivon Smith,Deivon,Smith,nba,False,"6' 0""",175 lbs,deivon smith,deivon smith
4066993,Dru Smith,Dru,Smith,nba,True,"6' 2""",200 lbs,dru smith,dru smith
4397189,Jalen Smith,Jalen,Smith,nba,True,"6' 8""",215 lbs,jalen smith,jalen smith
4397784,Malachi Smith,Malachi,Smith,nba,True,"6' 4""",205 lbs,malachi smith,malachi smith
4397882,Tolu Smith,Tolu,Smith,nba,True,"6' 11""",250 lbs,tolu smith,tolu smith
5167876,Tyler Smith,Tyler,Smith,nba,True,"6' 9""",224 lbs,tyler smith,tyler smith
4277923,Zhaire Smith,Zhaire,Smith,nba,False,"6' 3""",199 lbs,zhaire smith,zhaire smith
4065697,Dennis Smith Jr.,Dennis,Smith Jr.,nba,False,"6' 2""",205 lbs,dennis smith,dennis smith jr
4432639,Jabari Smith Jr.,Jabari,Smith Jr.,nba,True,"6' 11""",220 lbs,jabari smith,jabari smith jr
4683686,Nick Smith Jr.,Nick,Smith Jr.,nba,True,"6' 2""",185 lbs,nick smith,nick smith jr
2991383,Nathan Sobey,Nathan,Sobey,nba,True,"6' 3""",185 lbs,nathan sobey,nathan sobey
4610139,Jeremy Sochan,Jeremy,Sochan,nba,True,"6' 8""",230 lbs,jeremy sochan,jeremy sochan
5061603,Thomas Sorber,Thomas,Sorber,nba,True,"6' 9""",250 lbs,thomas sorber,thomas sorber
4433083,Cam Spencer,Cam,Spencer,nba,True,"6' 3""",205 lbs,cam spencer,cam spencer
4592714,Pat Spencer,Pat,Spencer,nba,True,"6' 2""",205 lbs,pat spencer,pat spencer
4432164,Jaden Springer,Jaden,Springer,nba,False,"6' 4""",202 lbs,jaden springer,jaden springer
4432117,Isaiah Stevens,Isaiah,Stevens,nba,True,"5' 11""",185 lbs,isaiah stevens,isaiah stevens
4066405,Lamar Stevens,Lamar,Stevens,nba,False,"6' 7""",230 lbs,lamar stevens,lamar stevens
4396679,Erik Stevenson,Erik,Stevenson,nba,False,"6' 4""",205 lbs,erik stevenson,erik stevenson
4432810,Isaiah Stewart,Isaiah,Stewart,nba,True,"6' 8""",250 lbs,isaiah stewart,isaiah stewart
4432181,Julian Strawther,Julian,Strawther,nba,True,"6' 6""",205 lbs,julian strawther,julian strawther
4065778,Max Strus,Max,Strus,nba,True,"6' 5""",215 lbs,max strus,max strus
4432165,Jalen Suggs,Jalen,Suggs,nba,True,"6' 5""",205 lbs,jalen suggs,jalen suggs
5091592,Nicholas Tata,Nicholas,Tata,nba,True,,,nicholas tata,nicholas tata
3136777,Jae'Sean Tate,Jae'Sean,Tate,nba,True,"6' 4""",230 lbs,jae sean tate,jae sean tate
4065648,Jayson Tatum,Jayson,Tatum,nba,True,"6' 8""",210 lbs,jayson tatum,jayson tatum
4903265,Ethan Taylor,Ethan,Taylor,nba,False,"6' 5""",205 lbs,ethan taylor,ethan taylor
4279815,Terry Taylor,Terry,Taylor,nba,False,"6' 5""",230 lbs,terry taylor,terry taylor
4702785,Jahmyl Telfort,Jahmyl,Telfort,nba,False,"6' 7""",225 lbs,jahmyl telfort,jahmyl telfort
4023,Garrett Temple,Garrett,Temple,nba,True,"6' 5""",195 lbs,garrett temple,garrett temple
4433159,Dalen Terry,Dalen,Terry,nba,True,"6' 6""",195 lbs,dalen terry,dalen terry
5102438,Cameron Thew,Cameron,Thew,nba,True,,,cameron thew,cameron thew
5060631,Adou Thiero,Adou,Thiero,nba,True,"6' 8""",220 lbs,adou thiero,adou thiero
4432174,Cam Thomas,Cam,Thomas,nba,False,"6' 3""",210 lbs,cam thomas,cam thomas
4897471,Saint Thomas,Saint,Thomas,nba,False,"6' 7""",235 lbs,saint thomas,saint thomas
4684740,Amen Thompson,Amen,Thompson,nba,True,"6' 7""",200 lbs,amen thompson,amen thompson
4684742,Ausar Thompson,Ausar,Thompson,nba,True,"6' 7""",205 lbs,ausar thompson,ausar thompson
4278516,Ethan Thompson,Ethan,Thompson,nba,True,"6' 5""",195 lbs,ethan thompson,ethan thompson
6475,Klay Thompson,Klay,Thompson,nba,True,"6' 5""",220 lbs,klay thompson,klay thompson
6474,Tristan Thompson,Tristan,Thompson,nba,False,"6' 9""",254 lbs,tristan thompson,tristan thompson
4702233,JT Thor,JT,Thor,nba,False,"6' 9""",203 lbs,jt thor,jt thor
4277047,Adam Thoseby,Adam,Thoseby,nba,False,,,adam thoseby,adam thoseby
3907498,Matisse Thybulle,Matisse,Thybulle,nba,True,"6' 5""",202 lbs,matisse thybulle,matisse thybulle
4277964,Xavier Tillman,Xavier,Tillman,nba,True,"6' 8""",245 lbs,xavier tillman,xavier tillman
4431695,Drew Timme,Drew,Timme,nba,True,"6' 10""",235 lbs,drew timme,drew timme
5106268,Nae'Qwan Tomlin,Nae'Qwan,Tomlin,nba,True,"6' 8""",210 lbs,nae qwan tomlin,nae qwan tomlin
4593043,John Tonje,John,Tonje,nba,True,"6' 4""",218 lbs,john tonje,john tonje
5170949,Alex Toohey,Alex,Toohey,nba,False,"6' 8""",223 lbs,alex toohey,alex toohey
5159925,Nikola Topic,Nikola,Topic,nba,True,"6' 6""",200 lbs,nikola topic,nikola topic
4592461,Jacob Toppin,Jacob,Toppin,nba,False,"6' 9""",200 lbs,jacob toppin,jacob toppin
4278355,Obi Toppin,Obi,Toppin,nba,True,"6' 9""",220 lbs,obi toppin,obi toppin
3136195,Karl-Anthony Towns,Karl-Anthony,Towns,nba,True,"7' 0""",248 lbs,karl anthony towns,karl anthony towns
5279130,Nolan Traore,Nolan,Traore,nba,True,"6' 3""",185 lbs,nolan traore,nolan traore
4997539,Luke Travers,Luke,Travers,nba,False,"6' 6""",207 lbs,luke travers,luke travers
4277843,Gary Trent Jr.,Gary,Trent Jr.,nba,True,"6' 5""",204 lbs,gary trent,gary trent jr
3131632,Melo Trimble,Melo,Trimble,nba,True,"6' 3""",185 lbs,melo trimble,melo trimble
4432827,Oscar Tshiebwe,Oscar,Tshiebwe,nba,True,"6' 8""",255 lbs,oscar tshiebwe,oscar tshiebwe
3033,P.J. Tucker,P.J.,Tucker,nba,False,"6' 5""",245 lbs,p j tucker,p j tucker
5099756,Rayjon Tucker,Rayjon,Tucker,nba,True,,,rayjon tucker,rayjon tucker
3133628,Myles Turner,Myles,Turner,nba,True,"6' 11""",250 lbs,myles turner,myles turner
4395620,Hunter Tyson,Hunter,Tyson,nba,False,"6' 8""",215 lbs,hunter tyson,hunter tyson
4683747,Jaylon Tyson,Jaylon,Tyson,nba,True,"6' 6""",215 lbs,jaylon tyson,jaylon tyson
4279532,Stanley Umude,Stanley,Umude,nba,False,"6' 6""",210 lbs,stanley umude,stanley umude
4394333,Rhys Vague,Rhys,Vague,nba,False,,,rhys vague,rhys vague
6477,Jonas Valanciunas,Jonas,Valanciunas,nba,True,"6' 11""",265 lbs,jonas valanciunas,jonas valanciunas
4278077,Jarred Vanderbilt,Jarred,Vanderbilt,nba,True,"6' 8""",214 lbs,jarred vanderbilt,jarred vanderbilt
2991230,Fred VanVleet,Fred,VanVleet,nba,True,"6' 0""",197 lbs,fred vanvleet,fred vanvleet
4395630,Devin Vassell,Devin,Vassell,nba,True,"6' 5""",200 lbs,devin vassell,devin vassell
3137259,Gabe Vincent,Gabe,Vincent,nba,True,"6' 2""",200 lbs,gabe vincent,gabe vincent
5196222,Thomas Vodanovich,Thomas,Vodanovich,nba,False,,,thomas vodanovich,thomas vodanovich
6478,Nikola Vucevic,Nikola,Vucevic,nba,True,"6' 9""",260 lbs,nikola vucevic,nikola vucevic
4997537,Tristan Vukcevic,Tristan,Vukcevic,nba,True,"7' 0""",220 lbs,tristan vukcevic,tristan vukcevic
3912848,Dean Wade,Dean,Wade,nba,True,"6' 9""",228 lbs,dean wade,dean wade
4566434,Franz Wagner,Franz,Wagner,nba,True,"6' 10""",220 lbs,franz wagner,franz wagner
3150844,Moritz Wagner,Moritz,Wagner,nba,True,"6' 11""",245 lbs,moritz wagner,moritz wagner
4432446,Jabari Walker,Jabari,Walker,nba,True,"6' 7""",237 lbs,jabari walker,jabari walker
5106060,Jarace Walker,Jarace,Walker,nba,True,"6' 7""",235 lbs,jarace walker,jarace walker
4277854,MJ Walker,MJ,Walker,nba,False,"6' 5""",213 lbs,mj walker,mj walker
4432129,Tyson Walker,Tyson,Walker,nba,True,"6' 1""",185 lbs,tyson walker,tyson walker
4277890,Lonnie Walker IV,Lonnie,Walker IV,nba,False,"6' 4""",205 lbs,lonnie walker,lonnie walker iv
4683692,Cason Wallace,Cason,Wallace,nba,True,"6' 3""",195 lbs,cason wallace,cason wallace
4279118,Keaton Wallace,Keaton,Wallace,nba,True,"6' 3""",185 lbs,keaton wallace,keaton wallace
4683689,Jordan Walsh,Jordan,Walsh,nba,True,"6' 6""",205 lbs,jordan walsh,jordan walsh
4684272,Ja'Kobe Walter,Ja'Kobe,Walter,nba,True,"6' 4""",180 lbs,ja kobe walter,ja kobe walter
5099768,Derrick Walton Jr,Derrick,Walton Jr,nba,False,,,derrick walton,derrick walton jr
5105623,Kel'el Ware,Kel'el,Ware,nba,True,"7' 0""",250 lbs,kel el ware,kel el ware
4278078,P.J. Washington,P.J.,Washington,nba,True,"6' 7""",230 lbs,p j washington,p j washington
4683749,TyTy Washington Jr.,TyTy,Washington Jr.,nba,True,"6' 3""",195 lbs,tyty washington,tyty washington jr
4066317,Lindy Waters III,Lindy,Waters III,nba,True,"6' 5""",210 lbs,lindy waters,lindy waters iii
4431675,Trendon Watford,Trendon,Watford,nba,True,"6' 8""",237 lbs,trendon watford,trendon watford
4606840,Jamir Watkins,Jamir,Watkins,nba,True,"6' 6""",210 lbs,jamir watkins,jamir watkins
4431705,Anton Watson,Anton,Watson,nba,False,"6' 8""",225 lbs,anton watson,anton watson
4576087,Peyton Watson,Peyton,Watson,nba,True,"6' 8""",200 lbs,peyton watson,peyton watson
5112087,Jaylen Wells,Jaylen,Wells,nba,True,"6' 7""",206 lbs,jaylen wells,jaylen wells
5104157,Victor Wembanyama,Victor,Wembanyama,nba,True,"7' 4""",235 lbs,victor wembanyama,victor wembanyama
4683935,Blake Wesley,Blake,Wesley,nba,True,"6' 4""",190 lbs,blake wesley,blake wesley
3468,Russell Westbrook,Russell,Westbrook,nba,True,"6' 4""",200 lbs,russell westbrook,russell westbrook
4909710,Phillip Wheeler,Phillip,Wheeler,nba,False,"6' 8""",185 lbs,phillip wheeler,phillip wheeler
4395651,Coby White,Coby,White,nba,True,"6' 4""",195 lbs,coby white,coby white
3078576,Derrick White,Derrick,White,nba,True,"6' 4""",190 lbs,derrick white,derrick white
4065653,Jack White,Jack,White,nba,True,"6' 7""",225 lbs,jack white,jack white
4432735,Dariq Whitehead,Dariq,Whitehead,nba,True,"6' 6""",220 lbs,dariq whitehead,dariq whitehead
5105592,Cam Whitmore,Cam,Whitmore,nba,True,"6' 6""",230 lbs,cam whitmore,cam whitmore
5231298,Joe Wieskamp,Joe,Wieskamp,nba,False,,,joe wieskamp,joe wieskamp
4397183,Aaron Wiggins,Aaron,Wiggins,nba,True,"6' 5""",190 lbs,aaron wiggins,aaron wiggins
3059319,Andrew Wiggins,Andrew,Wiggins,nba,True,"6' 7""",210 lbs,andrew wiggins,andrew wiggins
5099760,Alan Williams,Alan,Williams,nba,False,,,alan williams,alan williams
4592216,Alondes Williams,Alondes,Williams,nba,False,"6' 4""",210 lbs,alondes williams,alondes williams
4702745,Amari Williams,Amari,Williams,nba,True,"6' 11""",250 lbs,amari williams,amari williams
4397040,Brandon Williams,Brandon,Williams,nba,True,"6' 1""",190 lbs,brandon williams,brandon williams
4592843,Brice Williams,Brice,Williams,nba,False,"6' 5""",214 lbs,brice williams,brice williams
4895758,Cody Williams,Cody,Williams,nba,True,"6' 8""",190 lbs,cody williams,cody williams
4066218,Grant Williams,Grant,Williams,nba,True,"6' 7""",236 lbs,grant williams,grant williams
4593803,Jalen Williams,Jalen,Williams,nba,True,"6' 5""",211 lbs,jalen williams,jalen williams
4432823,Jaylin Williams,Jaylin,Williams,nba,True,"6' 9""",240 lbs,jaylin williams,jaylin williams
3133626,Kenrich Williams,Kenrich,Williams,nba,True,"6' 7""",210 lbs,kenrich williams,kenrich williams
4277880,Malik Williams,Malik,Williams,nba,False,"6' 11""",250 lbs,malik williams,malik williams
4701232,Mark Williams,Mark,Williams,nba,True,"7' 1""",240 lbs,mark williams,mark williams
2507,Nate Williams,Nate,Williams,nba,False,"6' 11""",225 lbs,nate williams,nate williams
4397821,Nate Williams,Nate,Williams,nba,True,"6' 5""",205 lbs,nate williams,nate williams
4431687,Patrick Williams,Patrick,Williams,nba,True,"6' 6""",215 lbs,patrick williams,patrick williams
4433137,Ziaire Williams,Ziaire,Williams,nba,True,"6' 9""",185 lbs,ziaire williams,ziaire williams
4066211,Robert Williams III,Robert,Williams III,nba,True,"6' 9""",249 lbs,robert williams,robert williams iii
4397227,Vince Williams Jr.,Vince,Williams Jr.,nba,False,"6' 4""",205 lbs,vince williams,vince williams jr
4279147,Lucas Williamson,Lucas,Williamson,nba,True,"6' 4""",205 lbs,lucas williamson,lucas williamson
4395628,Zion Williamson,Zion,Williamson,nba,True,"6' 6""",284 lbs,zion williamson,zion williamson
4431714,Jalen Wilson,Jalen,Wilson,nba,True,"6' 6""",220 lbs,jalen wilson,jalen wilson
5230864,Tom Wilson,Tom,Wilson,nba,True,,,tom wilson,tom wilson
4432808,James Wiseman,James,Wiseman,nba,False,"6' 11""",240 lbs,james wiseman,james wiseman
5107173,Danny Wolf,Danny,Wolf,nba,True,"6' 11""",250 lbs,danny wolf,danny wolf
3064447,Delon Wright,Delon,Wright,nba,False,"6' 5""",185 lbs,delon wright,delon wright
4017844,Guerschon Yabusele,Guerschon,Yabusele,nba,True,"6' 7""",265 lbs,guerschon yabusele,guerschon yabusele
4433133,Jahmir Young,Jahmir,Young,nba,True,"6' 0""",185 lbs,jahmir young,jahmir young
4277905,Trae Young,Trae,Young,nba,True,"6' 2""",164 lbs,trae young,trae young
4706557,Chris Youngblood,Chris,Youngblood,nba,True,"6' 4""",221 lbs,chris youngblood,chris youngblood
3074213,Omer Yurtseven,Omer,Yurtseven,nba,True,"6' 11""",275 lbs,omer yurtseven,omer yurtseven
4683681,Fanbo Zeng,Fanbo,Zeng,nba,False,"6' 10""",199 lbs,fanbo zeng,fanbo zeng
5157587,Rocco Zikarsky,Rocco,Zikarsky,nba,True,"7' 3""",227 lbs,rocco zikarsky,rocco zikarsky
4017837,Ivica Zubac,Ivica,Zubac,nba,True,"7' 0""",240 lbs,ivica zubac,ivica zubac
