player_name,player_key,datasets,draft_year_min,draft_year_max,source_row_count,match_method,nba_person_id,nba_full_name,nba_is_active,headshot_url,local_file,download_status,http_status,content_type,schools,school_source_datasets,espn_match_method,espn_id,espn_full_name,espn_league,espn_headshot_url,espn_local_file,espn_download_status,espn_http_status,espn_content_type,espn_school,espn_team_id,espn_team_display_name
Robert Dozier,robert dozier,historical,2009,2009,1,unmatched,,,,,,unmatched,,,,,unmatched,,,,,,unmatched,,,,,
Sergio Llull,sergio llull,historical,2009,2009,1,unmatched,,,,,,unmatched,,,,,unmatched,,,,,,unmatched,,,,,
Dwayne Collins,dwayne collins,historical,2010,2010,1,unmatched,,,,,,unmatched,,,,,unmatched,,,,,,unmatched,,,,,
Latavious Williams,latavious williams,historical,2010,2010,1,unmatched,,,,,,unmatched,,,,,unmatched,,,,,,unmatched,,,,,
Ryan Richards,ryan richards,historical,2010,2010,1,unmatched,,,,,,unmatched,,,,,unmatched,,,,,,unmatched,,,,,
Stanley Robinson,stanley robinson,historical,2010,2010,1,unmatched,,,,,,unmatched,,,,,unmatched,,,,,,unmatched,,,,,
Tiny Gallon,tiny gallon,historical,2010,2010,1,unmatched,,,,,,unmatched,,,,,unmatched,,,,,,unmatched,,,,,
Bojan Dubljevic,bojan dubljevic,historical,2013,2013,1,unmatched,,,,,,unmatched,,,,,unmatched,,,,,,unmatched,,,,,
Deshaun Thomas,deshaun thomas,historical,2013,2013,1,unmatched,,,,,,unmatched,,,,,unmatched,,,,,,unmatched,,,,,
Janis Timma,janis timma,historical,2013,2013,1,unmatched,,,,,,unmatched,,,,,unmatched,,,,,,unmatched,,,,,
Livio Jean-Charles,livio jean charles,historical,2013,2013,1,unmatched,,,,,,unmatched,,,,,unmatched,,,,,,unmatched,,,,,
Alec Brown,alec brown,historical,2014,2014,1,unmatched,,,,,,unmatched,,,,,unmatched,,,,,,unmatched,,,,,
Alessandro Gentile,alessandro gentile,historical,2014,2014,1,unmatched,,,,,,unmatched,,,,,unmatched,,,,,,unmatched,,,,,
DeAndre Daniels,deandre daniels,historical,2014,2014,1,unmatched,,,,,,unmatched,,,,,unmatched,,,,,,unmatched,,,,,
Aaron White,aaron white,historical,2015,2015,1,unmatched,,,,,,unmatched,,,,,unmatched,,,,,,unmatched,,,,,
Arturas Gudaitis,arturas gudaitis,historical,2015,2015,1,unmatched,,,,,,unmatched,,,,,unmatched,,,,,,unmatched,,,,,
JP Tokoto,jp tokoto,historical,2015,2015,1,unmatched,,,,,,unmatched,,,,,unmatched,,,,,,unmatched,,,,,
Nikola Milutinov,nikola milutinov,historical,2015,2015,1,unmatched,,,,,,unmatched,,,,,unmatched,,,,,,unmatched,,,,,
Olivier Hanlan,olivier hanlan,historical,2015,2015,1,unmatched,,,,,,unmatched,,,,,unmatched,,,,,,unmatched,,,,,
Isaia Cordinier,isaia cordinier,historical,2016,2016,2,unmatched,,,,,,unmatched,,,,,unmatched,,,,,,unmatched,,,,,
Isaiah Cousins,isaiah cousins,historical,2016,2016,1,unmatched,,,,,,unmatched,,,,,unmatched,,,,,,unmatched,,,,,
Rade Zagorac,rade zagorac,historical,2016,2016,2,unmatched,,,,,,unmatched,,,,,unmatched,,,,,,unmatched,,,,,
Mathias Lessort,mathias lessort,historical,2017,2017,1,unmatched,,,,,,unmatched,,,,,unmatched,,,,,,unmatched,,,,,
Issuf Sanon,issuf sanon,historical,2018,2018,1,unmatched,,,,,,unmatched,,,,,unmatched,,,,,,unmatched,,,,,
Jaylen Hands,jaylen hands,historical,2019,2019,1,unmatched,,,,,,unmatched,,,,,unmatched,,,,,,unmatched,,,,,
Yam Madar,yam madar,historical,2020,2020,1,unmatched,,,,,,unmatched,,,,,unmatched,,,,,,unmatched,,,,,
Juhann Begarin,juhann begarin,historical,2021,2021,1,unmatched,,,,,,unmatched,,,,,unmatched,,,,,,unmatched,,,,,
Rokas Jokubaitis,rokas jokubaitis,historical,2021,2021,1,unmatched,,,,,,unmatched,,,,,unmatched,,,,,,unmatched,,,,,
Gabriele Procida,gabriele procida,historical,2022,2022,1,unmatched,,,,,,unmatched,,,,,unmatched,,,,,,unmatched,,,,,
Ismael Kamagate,ismael kamagate,historical,2022,2022,1,unmatched,,,,,,unmatched,,,,,unmatched,,,,,,unmatched,,,,,
A.J. Dybantsa,a j dybantsa,prospective_2026,2026,2026,1,unmatched,,,,,,unmatched,,,BYU,prospective_2026,espn_ncaam_roster,5142718,AJ Dybantsa,mens-college-basketball,https://a.espncdn.com/combiner/i?img=/i/headshots/mens-college-basketball/players/full/5142718.png&w=350&h=254,C:\Users\jksut\Downloads\Fun Data Testing\rsci_nlp_package_staging\nlp_draft_bias_research\outputs_llm_enhanced\headshot_cache\espn_fallback_350x254\aj_dybantsa__espn_mens_college_basketball__5142718.png,dry_run_matched,,,BYU,252.0,BYU Cougars
AJ Dybantsa,aj dybantsa,prospective_2026,2026,2026,3,unmatched,,,,,,unmatched,,,BYU|BYU Freshman,prospective_2026,espn_ncaam_roster,5142718,AJ Dybantsa,mens-college-basketball,https://a.espncdn.com/combiner/i?img=/i/headshots/mens-college-basketball/players/full/5142718.png&w=350&h=254,C:\Users\jksut\Downloads\Fun Data Testing\rsci_nlp_package_staging\nlp_draft_bias_research\outputs_llm_enhanced\headshot_cache\espn_fallback_350x254\aj_dybantsa__espn_mens_college_basketball__5142718.png,dry_run_matched,,,BYU,252.0,BYU Cougars
Aday Mara,aday mara,prospective_2026,2026,2026,4,unmatched,,,,,,unmatched,,,Michigan|Michigan Junior,prospective_2026,espn_ncaam_roster,5174983,Aday Mara,mens-college-basketball,https://a.espncdn.com/combiner/i?img=/i/headshots/mens-college-basketball/players/full/5174983.png&w=350&h=254,C:\Users\jksut\Downloads\Fun Data Testing\rsci_nlp_package_staging\nlp_draft_bias_research\outputs_llm_enhanced\headshot_cache\espn_fallback_350x254\aday_mara__espn_mens_college_basketball__5174983.png,dry_run_matched,,,Michigan,130.0,Michigan Wolverines
Alex Karaban,alex karaban,prospective_2026,2026,2026,2,unmatched,,,,,,unmatched,,,"UConn|UConn,senior",prospective_2026,espn_ncaam_roster,4917149,Alex Karaban,mens-college-basketball,https://a.espncdn.com/combiner/i?img=/i/headshots/mens-college-basketball/players/full/4917149.png&w=350&h=254,C:\Users\jksut\Downloads\Fun Data Testing\rsci_nlp_package_staging\nlp_draft_bias_research\outputs_llm_enhanced\headshot_cache\espn_fallback_350x254\alex_karaban__espn_mens_college_basketball__4917149.png,dry_run_matched,,,UConn,41.0,UConn Huskies
Allen Graves,allen graves,prospective_2026,2026,2026,4,unmatched,,,,,,unmatched,,,Santa Clara|Santa Clara Freshman,prospective_2026,espn_ncaam_roster,5149115,Allen Graves,mens-college-basketball,https://a.espncdn.com/combiner/i?img=/i/headshots/mens-college-basketball/players/full/5149115.png&w=350&h=254,C:\Users\jksut\Downloads\Fun Data Testing\rsci_nlp_package_staging\nlp_draft_bias_research\outputs_llm_enhanced\headshot_cache\espn_fallback_350x254\allen_graves__espn_mens_college_basketball__5149115.png,dry_run_matched,,,Santa Clara,2541.0,Santa Clara Broncos
Amari Allen,amari allen,prospective_2026,2026,2026,1,unmatched,,,,,,unmatched,,,"Alabama,freshman",prospective_2026,espn_ncaam_roster,5101833,Amari Allen,mens-college-basketball,https://a.espncdn.com/combiner/i?img=/i/headshots/mens-college-basketball/players/full/5101833.png&w=350&h=254,C:\Users\jksut\Downloads\Fun Data Testing\rsci_nlp_package_staging\nlp_draft_bias_research\outputs_llm_enhanced\headshot_cache\espn_fallback_350x254\amari_allen__espn_mens_college_basketball__5101833.png,dry_run_matched,,,"Alabama,freshman",333.0,Alabama Crimson Tide
Andrej Stojakovic,andrej stojakovic,prospective_2026,2026,2026,1,unmatched,,,,,,unmatched,,,"Illinois,junior",prospective_2026,espn_ncaam_roster,5175007,Andrej Stojakovic,mens-college-basketball,https://a.espncdn.com/combiner/i?img=/i/headshots/mens-college-basketball/players/full/5175007.png&w=350&h=254,C:\Users\jksut\Downloads\Fun Data Testing\rsci_nlp_package_staging\nlp_draft_bias_research\outputs_llm_enhanced\headshot_cache\espn_fallback_350x254\andrej_stojakovic__espn_mens_college_basketball__5175007.png,dry_run_matched,,,"Illinois,junior",356.0,Illinois Fighting Illini
Baba Miller,baba miller,prospective_2026,2026,2026,2,unmatched,,,,,,unmatched,,,"Cincinnati|Cincinnati,senior",prospective_2026,espn_ncaam_roster,5075626,Baba Miller,mens-college-basketball,https://a.espncdn.com/combiner/i?img=/i/headshots/mens-college-basketball/players/full/5075626.png&w=350&h=254,C:\Users\jksut\Downloads\Fun Data Testing\rsci_nlp_package_staging\nlp_draft_bias_research\outputs_llm_enhanced\headshot_cache\espn_fallback_350x254\baba_miller__espn_mens_college_basketball__5075626.png,dry_run_matched,,,Cincinnati,2132.0,Cincinnati Bearcats
Bennett Stirtz,bennett stirtz,prospective_2026,2026,2026,4,unmatched,,,,,,unmatched,,,Iowa|Iowa Senior,prospective_2026,espn_ncaam_roster,5241364,Bennett Stirtz,mens-college-basketball,https://a.espncdn.com/combiner/i?img=/i/headshots/mens-college-basketball/players/full/5241364.png&w=350&h=254,C:\Users\jksut\Downloads\Fun Data Testing\rsci_nlp_package_staging\nlp_draft_bias_research\outputs_llm_enhanced\headshot_cache\espn_fallback_350x254\bennett_stirtz__espn_mens_college_basketball__5241364.png,dry_run_matched,,,Iowa,2294.0,Iowa Hawkeyes
Billy Richmond III,billy richmond,prospective_2026,2026,2026,1,unmatched,,,,,,unmatched,,,"Arkansas,sophomore",prospective_2026,espn_ncaam_roster,5060732,Billy Richmond III,mens-college-basketball,https://a.espncdn.com/combiner/i?img=/i/headshots/mens-college-basketball/players/full/5060732.png&w=350&h=254,C:\Users\jksut\Downloads\Fun Data Testing\rsci_nlp_package_staging\nlp_draft_bias_research\outputs_llm_enhanced\headshot_cache\espn_fallback_350x254\billy_richmond_iii__espn_mens_college_basketball__5060732.png,dry_run_matched,,,"Arkansas,sophomore",8.0,Arkansas Razorbacks
Braden Smith,braden smith,prospective_2026,2026,2026,2,unmatched,,,,,,unmatched,,,"Purdue|Purdue,senior",prospective_2026,espn_ncaam_roster,5105854,Braden Smith,mens-college-basketball,https://a.espncdn.com/combiner/i?img=/i/headshots/mens-college-basketball/players/full/5105854.png&w=350&h=254,C:\Users\jksut\Downloads\Fun Data Testing\rsci_nlp_package_staging\nlp_draft_bias_research\outputs_llm_enhanced\headshot_cache\espn_fallback_350x254\braden_smith__espn_mens_college_basketball__5105854.png,dry_run_matched,,,Purdue,2509.0,Purdue Boilermakers
Brayden Burries,brayden burries,prospective_2026,2026,2026,4,unmatched,,,,,,unmatched,,,Arizona|Arizona Freshman,prospective_2026,espn_ncaam_roster,5082206,Brayden Burries,mens-college-basketball,https://a.espncdn.com/combiner/i?img=/i/headshots/mens-college-basketball/players/full/5082206.png&w=350&h=254,C:\Users\jksut\Downloads\Fun Data Testing\rsci_nlp_package_staging\nlp_draft_bias_research\outputs_llm_enhanced\headshot_cache\espn_fallback_350x254\brayden_burries__espn_mens_college_basketball__5082206.png,dry_run_matched,,,Arizona,12.0,Arizona Wildcats
Bruce Thornton,bruce thornton,prospective_2026,2026,2026,1,unmatched,,,,,,unmatched,,,"Ohio State,senior",prospective_2026,espn_ncaam_roster,5105837,Bruce Thornton,mens-college-basketball,https://a.espncdn.com/combiner/i?img=/i/headshots/mens-college-basketball/players/full/5105837.png&w=350&h=254,C:\Users\jksut\Downloads\Fun Data Testing\rsci_nlp_package_staging\nlp_draft_bias_research\outputs_llm_enhanced\headshot_cache\espn_fallback_350x254\bruce_thornton__espn_mens_college_basketball__5105837.png,dry_run_matched,,,"Ohio State,senior",194.0,Ohio State Buckeyes
Caleb Wilson,caleb wilson,prospective_2026,2026,2026,4,unmatched,,,,,,unmatched,,,North Carolina|North Carolina Freshman,prospective_2026,espn_ncaam_roster,5095151,Caleb Wilson,mens-college-basketball,https://a.espncdn.com/combiner/i?img=/i/headshots/mens-college-basketball/players/full/5095151.png&w=350&h=254,C:\Users\jksut\Downloads\Fun Data Testing\rsci_nlp_package_staging\nlp_draft_bias_research\outputs_llm_enhanced\headshot_cache\espn_fallback_350x254\caleb_wilson__espn_mens_college_basketball__5095151.png,dry_run_matched,,,North Carolina,153.0,North Carolina Tar Heels
Cam Carr,cam carr,prospective_2026,2026,2026,1,unmatched,,,,,,unmatched,,,Baylor,prospective_2026,espn_ncaam_roster,5113969,Cameron Carr,mens-college-basketball,https://a.espncdn.com/combiner/i?img=/i/headshots/mens-college-basketball/players/full/5113969.png&w=350&h=254,C:\Users\jksut\Downloads\Fun Data Testing\rsci_nlp_package_staging\nlp_draft_bias_research\outputs_llm_enhanced\headshot_cache\espn_fallback_350x254\cameron_carr__espn_mens_college_basketball__5113969.png,dry_run_matched,,,Baylor,239.0,Baylor Bears
Cameron Boozer,cameron boozer,prospective_2026,2026,2026,4,unmatched,,,,,,unmatched,,,Duke|Duke Freshman,prospective_2026,espn_ncaam_roster,5041935,Cameron Boozer,mens-college-basketball,https://a.espncdn.com/combiner/i?img=/i/headshots/mens-college-basketball/players/full/5041935.png&w=350&h=254,C:\Users\jksut\Downloads\Fun Data Testing\rsci_nlp_package_staging\nlp_draft_bias_research\outputs_llm_enhanced\headshot_cache\espn_fallback_350x254\cameron_boozer__espn_mens_college_basketball__5041935.png,dry_run_matched,,,Duke,150.0,Duke Blue Devils
Cameron Carr,cameron carr,prospective_2026,2026,2026,3,unmatched,,,,,,unmatched,,,Baylor|Baylor Sophomore,prospective_2026,espn_ncaam_roster,5113969,Cameron Carr,mens-college-basketball,https://a.espncdn.com/combiner/i?img=/i/headshots/mens-college-basketball/players/full/5113969.png&w=350&h=254,C:\Users\jksut\Downloads\Fun Data Testing\rsci_nlp_package_staging\nlp_draft_bias_research\outputs_llm_enhanced\headshot_cache\espn_fallback_350x254\cameron_carr__espn_mens_college_basketball__5113969.png,dry_run_matched,,,Baylor,239.0,Baylor Bears
Chris Cenac,chris cenac,prospective_2026,2026,2026,4,unmatched,,,,,,unmatched,,,Houston|Houston Freshman,prospective_2026,espn_ncaam_roster,5142621,Chris Cenac Jr.,mens-college-basketball,https://a.espncdn.com/combiner/i?img=/i/headshots/mens-college-basketball/players/full/5142621.png&w=350&h=254,C:\Users\jksut\Downloads\Fun Data Testing\rsci_nlp_package_staging\nlp_draft_bias_research\outputs_llm_enhanced\headshot_cache\espn_fallback_350x254\chris_cenac_jr__espn_mens_college_basketball__5142621.png,dry_run_matched,,,Houston,248.0,Houston Cougars
Christian Anderson,christian anderson,prospective_2026,2026,2026,4,unmatched,,,,,,unmatched,,,Texas Tech|Texas Tech Sophomore,prospective_2026,espn_ncaam_roster,5060701,Christian Anderson,mens-college-basketball,https://a.espncdn.com/combiner/i?img=/i/headshots/mens-college-basketball/players/full/5060701.png&w=350&h=254,C:\Users\jksut\Downloads\Fun Data Testing\rsci_nlp_package_staging\nlp_draft_bias_research\outputs_llm_enhanced\headshot_cache\espn_fallback_350x254\christian_anderson__espn_mens_college_basketball__5060701.png,dry_run_matched,,,Texas Tech,2641.0,Texas Tech Red Raiders
Dailyn Swain,dailyn swain,prospective_2026,2026,2026,4,unmatched,,,,,,unmatched,,,Texas|Texas Junior,prospective_2026,espn_ncaam_roster,4848625,Dailyn Swain,mens-college-basketball,https://a.espncdn.com/combiner/i?img=/i/headshots/mens-college-basketball/players/full/4848625.png&w=350&h=254,C:\Users\jksut\Downloads\Fun Data Testing\rsci_nlp_package_staging\nlp_draft_bias_research\outputs_llm_enhanced\headshot_cache\espn_fallback_350x254\dailyn_swain__espn_mens_college_basketball__4848625.png,dry_run_matched,,,Texas,251.0,Texas Longhorns
Darius Acuff,darius acuff,prospective_2026,2026,2026,4,unmatched,,,,,,unmatched,,,Arkansas|Arkansas Freshman,prospective_2026,espn_ncaam_roster,5142620,Darius Acuff Jr.,mens-college-basketball,https://a.espncdn.com/combiner/i?img=/i/headshots/mens-college-basketball/players/full/5142620.png&w=350&h=254,C:\Users\jksut\Downloads\Fun Data Testing\rsci_nlp_package_staging\nlp_draft_bias_research\outputs_llm_enhanced\headshot_cache\espn_fallback_350x254\darius_acuff_jr__espn_mens_college_basketball__5142620.png,dry_run_matched,,,Arkansas,8.0,Arkansas Razorbacks
Darryn Peterson,darryn peterson,prospective_2026,2026,2026,4,unmatched,,,,,,unmatched,,,Kansas|Kansas Freshman,prospective_2026,espn_ncaam_roster,5041955,Darryn Peterson,mens-college-basketball,https://a.espncdn.com/combiner/i?img=/i/headshots/mens-college-basketball/players/full/5041955.png&w=350&h=254,C:\Users\jksut\Downloads\Fun Data Testing\rsci_nlp_package_staging\nlp_draft_bias_research\outputs_llm_enhanced\headshot_cache\espn_fallback_350x254\darryn_peterson__espn_mens_college_basketball__5041955.png,dry_run_matched,,,Kansas,2305.0,Kansas Jayhawks
Dillon Mitchell,dillon mitchell,prospective_2026,2026,2026,1,unmatched,,,,,,unmatched,,,St. Johns,prospective_2026,espn_ncaam_roster,5106283,Dillon Mitchell,mens-college-basketball,https://a.espncdn.com/combiner/i?img=/i/headshots/mens-college-basketball/players/full/5106283.png&w=350&h=254,C:\Users\jksut\Downloads\Fun Data Testing\rsci_nlp_package_staging\nlp_draft_bias_research\outputs_llm_enhanced\headshot_cache\espn_fallback_350x254\dillon_mitchell__espn_mens_college_basketball__5106283.png,dry_run_matched,,,St. Johns,2599.0,St. John's Red Storm
Ebuka Okorie,ebuka okorie,prospective_2026,2026,2026,4,unmatched,,,,,,unmatched,,,Stanford|Stanford Freshman,prospective_2026,espn_ncaam_roster,5258459,Ebuka Okorie,mens-college-basketball,https://a.espncdn.com/combiner/i?img=/i/headshots/mens-college-basketball/players/full/5258459.png&w=350&h=254,C:\Users\jksut\Downloads\Fun Data Testing\rsci_nlp_package_staging\nlp_draft_bias_research\outputs_llm_enhanced\headshot_cache\espn_fallback_350x254\ebuka_okorie__espn_mens_college_basketball__5258459.png,dry_run_matched,,,Stanford,24.0,Stanford Cardinal
Emanuel Sharp,emanuel sharp,prospective_2026,2026,2026,2,unmatched,,,,,,unmatched,,,"Houston|Houston,senior",prospective_2026,espn_ncaam_roster,5106058,Emanuel Sharp,mens-college-basketball,https://a.espncdn.com/combiner/i?img=/i/headshots/mens-college-basketball/players/full/5106058.png&w=350&h=254,C:\Users\jksut\Downloads\Fun Data Testing\rsci_nlp_package_staging\nlp_draft_bias_research\outputs_llm_enhanced\headshot_cache\espn_fallback_350x254\emanuel_sharp__espn_mens_college_basketball__5106058.png,dry_run_matched,,,Houston,248.0,Houston Cougars
Felix Okpara,felix okpara,prospective_2026,2026,2026,2,unmatched,,,,,,unmatched,,,"Tennessee|Tennessee,senior",prospective_2026,espn_ncaam_roster,5105841,Felix Okpara,mens-college-basketball,https://a.espncdn.com/combiner/i?img=/i/headshots/mens-college-basketball/players/full/5105841.png&w=350&h=254,C:\Users\jksut\Downloads\Fun Data Testing\rsci_nlp_package_staging\nlp_draft_bias_research\outputs_llm_enhanced\headshot_cache\espn_fallback_350x254\felix_okpara__espn_mens_college_basketball__5105841.png,dry_run_matched,,,Tennessee,2633.0,Tennessee Volunteers
Flory Bidunga,flory bidunga,prospective_2026,2026,2026,1,unmatched,,,,,,unmatched,,,"Kansas,sophomore",prospective_2026,espn_ncaam_roster,5044426,Flory Bidunga,mens-college-basketball,https://a.espncdn.com/combiner/i?img=/i/headshots/mens-college-basketball/players/full/5044426.png&w=350&h=254,C:\Users\jksut\Downloads\Fun Data Testing\rsci_nlp_package_staging\nlp_draft_bias_research\outputs_llm_enhanced\headshot_cache\espn_fallback_350x254\flory_bidunga__espn_mens_college_basketball__5044426.png,dry_run_matched,,,"Kansas,sophomore",2305.0,Kansas Jayhawks
Francesco Ferrari,francesco ferrari,prospective_2026,2026,2026,1,unmatched,,,,,,unmatched,,,Italy,prospective_2026,unmatched,,,,,,unmatched,,,,,
Hannes Steinbach,hannes steinbach,prospective_2026,2026,2026,4,unmatched,,,,,,unmatched,,,Washington|Washington Freshman,prospective_2026,espn_ncaam_roster,5281370,Hannes Steinbach,mens-college-basketball,https://a.espncdn.com/combiner/i?img=/i/headshots/mens-college-basketball/players/full/5281370.png&w=350&h=254,C:\Users\jksut\Downloads\Fun Data Testing\rsci_nlp_package_staging\nlp_draft_bias_research\outputs_llm_enhanced\headshot_cache\espn_fallback_350x254\hannes_steinbach__espn_mens_college_basketball__5281370.png,dry_run_matched,,,Washington,264.0,Washington Huskies
Henri Veesaar,henri veesaar,prospective_2026,2026,2026,3,unmatched,,,,,,unmatched,,,North Carolina|North Carolina Junior,prospective_2026,espn_ncaam_roster,5105571,Henri Veesaar,mens-college-basketball,https://a.espncdn.com/combiner/i?img=/i/headshots/mens-college-basketball/players/full/5105571.png&w=350&h=254,C:\Users\jksut\Downloads\Fun Data Testing\rsci_nlp_package_staging\nlp_draft_bias_research\outputs_llm_enhanced\headshot_cache\espn_fallback_350x254\henri_veesaar__espn_mens_college_basketball__5105571.png,dry_run_matched,,,North Carolina,153.0,North Carolina Tar Heels
Isaiah Evans,isaiah evans,prospective_2026,2026,2026,4,unmatched,,,,,,unmatched,,,Duke|Duke Sophomore,prospective_2026,espn_ncaam_roster,5061585,Isaiah Evans,mens-college-basketball,https://a.espncdn.com/combiner/i?img=/i/headshots/mens-college-basketball/players/full/5061585.png&w=350&h=254,C:\Users\jksut\Downloads\Fun Data Testing\rsci_nlp_package_staging\nlp_draft_bias_research\outputs_llm_enhanced\headshot_cache\espn_fallback_350x254\isaiah_evans__espn_mens_college_basketball__5061585.png,dry_run_matched,,,Duke,150.0,Duke Blue Devils
Izaiyah Nelson,izaiyah nelson,prospective_2026,2026,2026,2,unmatched,,,,,,unmatched,,,"South Florida|South Florida,senior",prospective_2026,espn_ncaam_roster,5107251,Izaiyah Nelson,mens-college-basketball,https://a.espncdn.com/combiner/i?img=/i/headshots/mens-college-basketball/players/full/5107251.png&w=350&h=254,C:\Users\jksut\Downloads\Fun Data Testing\rsci_nlp_package_staging\nlp_draft_bias_research\outputs_llm_enhanced\headshot_cache\espn_fallback_350x254\izaiyah_nelson__espn_mens_college_basketball__5107251.png,dry_run_matched,,,South Florida,58.0,South Florida Bulls
Ja'Kobi Gillespie,ja kobi gillespie,prospective_2026,2026,2026,1,unmatched,,,,,,unmatched,,,"Tennessee,senior",prospective_2026,espn_ncaam_roster,5107968,Ja'Kobi Gillespie,mens-college-basketball,https://a.espncdn.com/combiner/i?img=/i/headshots/mens-college-basketball/players/full/5107968.png&w=350&h=254,C:\Users\jksut\Downloads\Fun Data Testing\rsci_nlp_package_staging\nlp_draft_bias_research\outputs_llm_enhanced\headshot_cache\espn_fallback_350x254\ja_kobi_gillespie__espn_mens_college_basketball__5107968.png,dry_run_matched,,,"Tennessee,senior",2633.0,Tennessee Volunteers
Jack Kayil,jack kayil,prospective_2026,2026,2026,2,unmatched,,,,,,unmatched,,,"Alba Berlin,Germany|Germany",prospective_2026,unmatched,,,,,,unmatched,,,,,
Jaden Bradley,jaden bradley,prospective_2026,2026,2026,2,unmatched,,,,,,unmatched,,,"Arizona|Arizona,senior",prospective_2026,espn_ncaam_roster,4432737,Jaden Bradley,mens-college-basketball,https://a.espncdn.com/combiner/i?img=/i/headshots/mens-college-basketball/players/full/4432737.png&w=350&h=254,C:\Users\jksut\Downloads\Fun Data Testing\rsci_nlp_package_staging\nlp_draft_bias_research\outputs_llm_enhanced\headshot_cache\espn_fallback_350x254\jaden_bradley__espn_mens_college_basketball__4432737.png,dry_run_matched,,,Arizona,12.0,Arizona Wildcats
Jakobi Gillespie,jakobi gillespie,prospective_2026,2026,2026,1,unmatched,,,,,,unmatched,,,Tennessee,prospective_2026,espn_ncaam_roster,5107968,Ja'Kobi Gillespie,mens-college-basketball,https://a.espncdn.com/combiner/i?img=/i/headshots/mens-college-basketball/players/full/5107968.png&w=350&h=254,C:\Users\jksut\Downloads\Fun Data Testing\rsci_nlp_package_staging\nlp_draft_bias_research\outputs_llm_enhanced\headshot_cache\espn_fallback_350x254\ja_kobi_gillespie__espn_mens_college_basketball__5107968.png,dry_run_matched,,,Tennessee,2633.0,Tennessee Volunteers
Jaron Pierre,jaron pierre,prospective_2026,2026,2026,1,unmatched,,,,,,unmatched,,,SMU,prospective_2026,espn_ncaam_roster,4703115,Jaron Pierre Jr.,mens-college-basketball,https://a.espncdn.com/combiner/i?img=/i/headshots/mens-college-basketball/players/full/4703115.png&w=350&h=254,C:\Users\jksut\Downloads\Fun Data Testing\rsci_nlp_package_staging\nlp_draft_bias_research\outputs_llm_enhanced\headshot_cache\espn_fallback_350x254\jaron_pierre_jr__espn_mens_college_basketball__4703115.png,dry_run_matched,,,SMU,2567.0,SMU Mustangs
Jayden Quaintance,jayden quaintance,prospective_2026,2026,2026,4,unmatched,,,,,,unmatched,,,Kentucky|Kentucky Sophomore,prospective_2026,espn_ncaam_roster,5101845,Jayden Quaintance,mens-college-basketball,https://a.espncdn.com/combiner/i?img=/i/headshots/mens-college-basketball/players/full/5101845.png&w=350&h=254,C:\Users\jksut\Downloads\Fun Data Testing\rsci_nlp_package_staging\nlp_draft_bias_research\outputs_llm_enhanced\headshot_cache\espn_fallback_350x254\jayden_quaintance__espn_mens_college_basketball__5101845.png,dry_run_matched,,,Kentucky,96.0,Kentucky Wildcats
Jeremy Fears Jr.,jeremy fears,prospective_2026,2026,2026,1,unmatched,,,,,,unmatched,,,"Michigan State,sophomore",prospective_2026,espn_ncaam_roster,4711255,Jeremy Fears Jr.,mens-college-basketball,https://a.espncdn.com/combiner/i?img=/i/headshots/mens-college-basketball/players/full/4711255.png&w=350&h=254,C:\Users\jksut\Downloads\Fun Data Testing\rsci_nlp_package_staging\nlp_draft_bias_research\outputs_llm_enhanced\headshot_cache\espn_fallback_350x254\jeremy_fears_jr__espn_mens_college_basketball__4711255.png,dry_run_matched,,,"Michigan State,sophomore",127.0,Michigan State Spartans
Joshua Jefferson,joshua jefferson,prospective_2026,2026,2026,4,unmatched,,,,,,unmatched,,,Iowa St.|Iowa State|Iowa State Senior,prospective_2026,espn_ncaam_roster,4870564,Joshua Jefferson,mens-college-basketball,https://a.espncdn.com/combiner/i?img=/i/headshots/mens-college-basketball/players/full/4870564.png&w=350&h=254,C:\Users\jksut\Downloads\Fun Data Testing\rsci_nlp_package_staging\nlp_draft_bias_research\outputs_llm_enhanced\headshot_cache\espn_fallback_350x254\joshua_jefferson__espn_mens_college_basketball__4870564.png,dry_run_matched,,,Iowa State,66.0,Iowa State Cyclones
Karim Lopez,karim lopez,prospective_2026,2026,2026,4,unmatched,,,,,,unmatched,,,Mexico|New Zealand Breakers,prospective_2026,unmatched,,,,,,unmatched,,,,,
Keaton Wagler,keaton wagler,prospective_2026,2026,2026,4,unmatched,,,,,,unmatched,,,Illinois|Illinois Freshman,prospective_2026,espn_ncaam_roster,5254165,Keaton Wagler,mens-college-basketball,https://a.espncdn.com/combiner/i?img=/i/headshots/mens-college-basketball/players/full/5254165.png&w=350&h=254,C:\Users\jksut\Downloads\Fun Data Testing\rsci_nlp_package_staging\nlp_draft_bias_research\outputs_llm_enhanced\headshot_cache\espn_fallback_350x254\keaton_wagler__espn_mens_college_basketball__5254165.png,dry_run_matched,,,Illinois,356.0,Illinois Fighting Illini
Keyshawn Hall,keyshawn hall,prospective_2026,2026,2026,1,unmatched,,,,,,unmatched,,,Auburn,prospective_2026,espn_ncaam_roster,5075625,Keyshawn Hall,mens-college-basketball,https://a.espncdn.com/combiner/i?img=/i/headshots/mens-college-basketball/players/full/5075625.png&w=350&h=254,C:\Users\jksut\Downloads\Fun Data Testing\rsci_nlp_package_staging\nlp_draft_bias_research\outputs_llm_enhanced\headshot_cache\espn_fallback_350x254\keyshawn_hall__espn_mens_college_basketball__5075625.png,dry_run_matched,,,Auburn,2.0,Auburn Tigers
Kingston Flemings,kingston flemings,prospective_2026,2026,2026,4,unmatched,,,,,,unmatched,,,Houston|Houston Freshman,prospective_2026,espn_ncaam_roster,5149077,Kingston Flemings,mens-college-basketball,https://a.espncdn.com/combiner/i?img=/i/headshots/mens-college-basketball/players/full/5149077.png&w=350&h=254,C:\Users\jksut\Downloads\Fun Data Testing\rsci_nlp_package_staging\nlp_draft_bias_research\outputs_llm_enhanced\headshot_cache\espn_fallback_350x254\kingston_flemings__espn_mens_college_basketball__5149077.png,dry_run_matched,,,Houston,248.0,Houston Cougars
Koa Peat,koa peat,prospective_2026,2026,2026,4,unmatched,,,,,,unmatched,,,Arizona|Arizona Freshman,prospective_2026,espn_ncaam_roster,5041953,Koa Peat,mens-college-basketball,https://a.espncdn.com/combiner/i?img=/i/headshots/mens-college-basketball/players/full/5041953.png&w=350&h=254,C:\Users\jksut\Downloads\Fun Data Testing\rsci_nlp_package_staging\nlp_draft_bias_research\outputs_llm_enhanced\headshot_cache\espn_fallback_350x254\koa_peat__espn_mens_college_basketball__5041953.png,dry_run_matched,,,Arizona,12.0,Arizona Wildcats
Kylan Boswell,kylan boswell,prospective_2026,2026,2026,1,unmatched,,,,,,unmatched,,,"Illinois,senior",prospective_2026,espn_ncaam_roster,4684269,Kylan Boswell,mens-college-basketball,https://a.espncdn.com/combiner/i?img=/i/headshots/mens-college-basketball/players/full/4684269.png&w=350&h=254,C:\Users\jksut\Downloads\Fun Data Testing\rsci_nlp_package_staging\nlp_draft_bias_research\outputs_llm_enhanced\headshot_cache\espn_fallback_350x254\kylan_boswell__espn_mens_college_basketball__4684269.png,dry_run_matched,,,"Illinois,senior",356.0,Illinois Fighting Illini
Labaron Philon,labaron philon,prospective_2026,2026,2026,4,unmatched,,,,,,unmatched,,,Alabama|Alabama Sophomore,prospective_2026,espn_ncaam_roster,4873090,Labaron Philon Jr.,mens-college-basketball,https://a.espncdn.com/combiner/i?img=/i/headshots/mens-college-basketball/players/full/4873090.png&w=350&h=254,C:\Users\jksut\Downloads\Fun Data Testing\rsci_nlp_package_staging\nlp_draft_bias_research\outputs_llm_enhanced\headshot_cache\espn_fallback_350x254\labaron_philon_jr__espn_mens_college_basketball__4873090.png,dry_run_matched,,,Alabama,333.0,Alabama Crimson Tide
Luigi Suigo,luigi suigo,prospective_2026,2026,2026,2,unmatched,,,,,,unmatched,,,"Italy|Mega Basket,Italy",prospective_2026,unmatched,,,,,,unmatched,,,,,
Malachi Moreno,malachi moreno,prospective_2026,2026,2026,1,unmatched,,,,,,unmatched,,,"Kentucky,freshman",prospective_2026,espn_ncaam_roster,5101849,Malachi Moreno,mens-college-basketball,https://a.espncdn.com/combiner/i?img=/i/headshots/mens-college-basketball/players/full/5101849.png&w=350&h=254,C:\Users\jksut\Downloads\Fun Data Testing\rsci_nlp_package_staging\nlp_draft_bias_research\outputs_llm_enhanced\headshot_cache\espn_fallback_350x254\malachi_moreno__espn_mens_college_basketball__5101849.png,dry_run_matched,,,"Kentucky,freshman",96.0,Kentucky Wildcats
Mark Mitchell,mark mitchell,prospective_2026,2026,2026,1,unmatched,,,,,,unmatched,,,Missouri,prospective_2026,espn_ncaam_roster,4433285,Mark Mitchell,mens-college-basketball,https://a.espncdn.com/combiner/i?img=/i/headshots/mens-college-basketball/players/full/4433285.png&w=350&h=254,C:\Users\jksut\Downloads\Fun Data Testing\rsci_nlp_package_staging\nlp_draft_bias_research\outputs_llm_enhanced\headshot_cache\espn_fallback_350x254\mark_mitchell__espn_mens_college_basketball__4433285.png,dry_run_matched,,,Missouri,142.0,Missouri Tigers
Matt Able,matt able,prospective_2026,2026,2026,1,unmatched,,,,,,unmatched,,,"NC State,freshman",prospective_2026,espn_ncaam_roster,5196877,Matt Able,mens-college-basketball,https://a.espncdn.com/combiner/i?img=/i/headshots/mens-college-basketball/players/full/5196877.png&w=350&h=254,C:\Users\jksut\Downloads\Fun Data Testing\rsci_nlp_package_staging\nlp_draft_bias_research\outputs_llm_enhanced\headshot_cache\espn_fallback_350x254\matt_able__espn_mens_college_basketball__5196877.png,dry_run_matched,,,"NC State,freshman",152.0,NC State Wolfpack
Meleek Thomas,meleek thomas,prospective_2026,2026,2026,4,unmatched,,,,,,unmatched,,,Arkansas|Arkansas Freshman,prospective_2026,espn_ncaam_roster,5041951,Meleek Thomas,mens-college-basketball,https://a.espncdn.com/combiner/i?img=/i/headshots/mens-college-basketball/players/full/5041951.png&w=350&h=254,C:\Users\jksut\Downloads\Fun Data Testing\rsci_nlp_package_staging\nlp_draft_bias_research\outputs_llm_enhanced\headshot_cache\espn_fallback_350x254\meleek_thomas__espn_mens_college_basketball__5041951.png,dry_run_matched,,,Arkansas,8.0,Arkansas Razorbacks
Mikel Brown,mikel brown,prospective_2026,2026,2026,4,unmatched,,,,,,unmatched,,,Louisville|Louisville Freshman,prospective_2026,espn_ncaam_roster,5101761,Mikel Brown Jr.,mens-college-basketball,https://a.espncdn.com/combiner/i?img=/i/headshots/mens-college-basketball/players/full/5101761.png&w=350&h=254,C:\Users\jksut\Downloads\Fun Data Testing\rsci_nlp_package_staging\nlp_draft_bias_research\outputs_llm_enhanced\headshot_cache\espn_fallback_350x254\mikel_brown_jr__espn_mens_college_basketball__5101761.png,dry_run_matched,,,Louisville,97.0,Louisville Cardinals
Milan Momcilovic,milan momcilovic,prospective_2026,2026,2026,1,unmatched,,,,,,unmatched,,,"Iowa State,junior",prospective_2026,espn_ncaam_roster,4848637,Milan Momcilovic,mens-college-basketball,https://a.espncdn.com/combiner/i?img=/i/headshots/mens-college-basketball/players/full/4848637.png&w=350&h=254,C:\Users\jksut\Downloads\Fun Data Testing\rsci_nlp_package_staging\nlp_draft_bias_research\outputs_llm_enhanced\headshot_cache\espn_fallback_350x254\milan_momcilovic__espn_mens_college_basketball__4848637.png,dry_run_matched,,,"Iowa State,junior",66.0,Iowa State Cyclones
Milos Uzan,milos uzan,prospective_2026,2026,2026,1,unmatched,,,,,,unmatched,,,Houston,prospective_2026,espn_ncaam_roster,5106272,Milos Uzan,mens-college-basketball,https://a.espncdn.com/combiner/i?img=/i/headshots/mens-college-basketball/players/full/5106272.png&w=350&h=254,C:\Users\jksut\Downloads\Fun Data Testing\rsci_nlp_package_staging\nlp_draft_bias_research\outputs_llm_enhanced\headshot_cache\espn_fallback_350x254\milos_uzan__espn_mens_college_basketball__5106272.png,dry_run_matched,,,Houston,248.0,Houston Cougars
Morez Johnson,morez johnson,prospective_2026,2026,2026,4,unmatched,,,,,,unmatched,,,Michigan|Michigan Sophomore,prospective_2026,espn_ncaam_roster,4873153,Morez Johnson Jr.,mens-college-basketball,https://a.espncdn.com/combiner/i?img=/i/headshots/mens-college-basketball/players/full/4873153.png&w=350&h=254,C:\Users\jksut\Downloads\Fun Data Testing\rsci_nlp_package_staging\nlp_draft_bias_research\outputs_llm_enhanced\headshot_cache\espn_fallback_350x254\morez_johnson_jr__espn_mens_college_basketball__4873153.png,dry_run_matched,,,Michigan,130.0,Michigan Wolverines
Nate Ament,nate ament,prospective_2026,2026,2026,4,unmatched,,,,,,unmatched,,,Tennessee|Tennessee Freshman,prospective_2026,espn_ncaam_roster,5164559,Nate Ament,mens-college-basketball,https://a.espncdn.com/combiner/i?img=/i/headshots/mens-college-basketball/players/full/5164559.png&w=350&h=254,C:\Users\jksut\Downloads\Fun Data Testing\rsci_nlp_package_staging\nlp_draft_bias_research\outputs_llm_enhanced\headshot_cache\espn_fallback_350x254\nate_ament__espn_mens_college_basketball__5164559.png,dry_run_matched,,,Tennessee,2633.0,Tennessee Volunteers
Nick Martinelli,nick martinelli,prospective_2026,2026,2026,2,unmatched,,,,,,unmatched,,,"Northwestern|Northwestern,senior",prospective_2026,espn_ncaam_roster,5105832,Nick Martinelli,mens-college-basketball,https://a.espncdn.com/combiner/i?img=/i/headshots/mens-college-basketball/players/full/5105832.png&w=350&h=254,C:\Users\jksut\Downloads\Fun Data Testing\rsci_nlp_package_staging\nlp_draft_bias_research\outputs_llm_enhanced\headshot_cache\espn_fallback_350x254\nick_martinelli__espn_mens_college_basketball__5105832.png,dry_run_matched,,,Northwestern,77.0,Northwestern Wildcats
Otega Oweh,otega oweh,prospective_2026,2026,2026,1,unmatched,,,,,,unmatched,,,Kentucky,prospective_2026,espn_ncaam_roster,5106270,Otega Oweh,mens-college-basketball,https://a.espncdn.com/combiner/i?img=/i/headshots/mens-college-basketball/players/full/5106270.png&w=350&h=254,C:\Users\jksut\Downloads\Fun Data Testing\rsci_nlp_package_staging\nlp_draft_bias_research\outputs_llm_enhanced\headshot_cache\espn_fallback_350x254\otega_oweh__espn_mens_college_basketball__5106270.png,dry_run_matched,,,Kentucky,96.0,Kentucky Wildcats
Pavle Backo,pavle backo,prospective_2026,2026,2026,1,unmatched,,,,,,unmatched,,,Serbia,prospective_2026,unmatched,,,,,,unmatched,,,,,
Rafael Castro,rafael castro,prospective_2026,2026,2026,1,unmatched,,,,,,unmatched,,,George Washin...|George Washington,manual_override|prospective_2026,espn_ncaam_roster,4684443,Rafael Castro,mens-college-basketball,https://a.espncdn.com/combiner/i?img=/i/headshots/mens-college-basketball/players/full/4684443.png&w=350&h=254,C:\Users\jksut\Downloads\Fun Data Testing\rsci_nlp_package_staging\nlp_draft_bias_research\outputs_llm_enhanced\headshot_cache\espn_fallback_350x254\rafael_castro__espn_mens_college_basketball__4684443.png,dry_run_matched,,,George Washington,45.0,George Washington Revolutionaries
Richie Saunders,richie saunders,prospective_2026,2026,2026,2,unmatched,,,,,,unmatched,,,"BYU|BYU,senior",prospective_2026,espn_ncaam_roster,5105462,Richie Saunders,mens-college-basketball,https://a.espncdn.com/combiner/i?img=/i/headshots/mens-college-basketball/players/full/5105462.png&w=350&h=254,C:\Users\jksut\Downloads\Fun Data Testing\rsci_nlp_package_staging\nlp_draft_bias_research\outputs_llm_enhanced\headshot_cache\espn_fallback_350x254\richie_saunders__espn_mens_college_basketball__5105462.png,dry_run_matched,,,BYU,252.0,BYU Cougars
Rueben Chinyelu,rueben chinyelu,prospective_2026,2026,2026,1,unmatched,,,,,,unmatched,,,"Florida,junior",prospective_2026,espn_ncaam_roster,5174971,Rueben Chinyelu,mens-college-basketball,https://a.espncdn.com/combiner/i?img=/i/headshots/mens-college-basketball/players/full/5174971.png&w=350&h=254,C:\Users\jksut\Downloads\Fun Data Testing\rsci_nlp_package_staging\nlp_draft_bias_research\outputs_llm_enhanced\headshot_cache\espn_fallback_350x254\rueben_chinyelu__espn_mens_college_basketball__5174971.png,dry_run_matched,,,"Florida,junior",57.0,Florida Gators
Ryan Conwell,ryan conwell,prospective_2026,2026,2026,2,unmatched,,,,,,unmatched,,,"Louisville|Louisville,senior",prospective_2026,espn_ncaam_roster,5107157,Ryan Conwell,mens-college-basketball,https://a.espncdn.com/combiner/i?img=/i/headshots/mens-college-basketball/players/full/5107157.png&w=350&h=254,C:\Users\jksut\Downloads\Fun Data Testing\rsci_nlp_package_staging\nlp_draft_bias_research\outputs_llm_enhanced\headshot_cache\espn_fallback_350x254\ryan_conwell__espn_mens_college_basketball__5107157.png,dry_run_matched,,,Louisville,97.0,Louisville Cardinals
Sergio De Larrea,sergio de larrea,prospective_2026,2026,2026,3,unmatched,,,,,,unmatched,,,"Spain|Valencia|Valencia,Spain",prospective_2026,unmatched,,,,,,unmatched,,,,,
Tarris Reed,tarris reed,prospective_2026,2026,2026,3,unmatched,,,,,,unmatched,,,"Connecticut|UConn|UConn,senior",prospective_2026,espn_ncaam_roster,5105809,Tarris Reed Jr.,mens-college-basketball,https://a.espncdn.com/combiner/i?img=/i/headshots/mens-college-basketball/players/full/5105809.png&w=350&h=254,C:\Users\jksut\Downloads\Fun Data Testing\rsci_nlp_package_staging\nlp_draft_bias_research\outputs_llm_enhanced\headshot_cache\espn_fallback_350x254\tarris_reed_jr__espn_mens_college_basketball__5105809.png,dry_run_matched,,,Connecticut,41.0,UConn Huskies
Tobe Awaka,tobe awaka,prospective_2026,2026,2026,1,unmatched,,,,,,unmatched,,,Arizona|Tennessee,manual_override|prospective_2026,espn_ncaam_roster,5105555,Tobe Awaka,mens-college-basketball,https://a.espncdn.com/combiner/i?img=/i/headshots/mens-college-basketball/players/full/5105555.png&w=350&h=254,C:\Users\jksut\Downloads\Fun Data Testing\rsci_nlp_package_staging\nlp_draft_bias_research\outputs_llm_enhanced\headshot_cache\espn_fallback_350x254\tobe_awaka__espn_mens_college_basketball__5105555.png,dry_run_matched,,,Arizona,12.0,Arizona Wildcats
Tobi Lawal,tobi lawal,prospective_2026,2026,2026,1,unmatched,,,,,,unmatched,,,Virginia Tech,prospective_2026,espn_ncaam_roster,5106040,Tobi Lawal,mens-college-basketball,https://a.espncdn.com/combiner/i?img=/i/headshots/mens-college-basketball/players/full/5106040.png&w=350&h=254,C:\Users\jksut\Downloads\Fun Data Testing\rsci_nlp_package_staging\nlp_draft_bias_research\outputs_llm_enhanced\headshot_cache\espn_fallback_350x254\tobi_lawal__espn_mens_college_basketball__5106040.png,dry_run_matched,,,Virginia Tech,259.0,Virginia Tech Hokies
Tounde Yessoufou,tounde yessoufou,prospective_2026,2026,2026,1,unmatched,,,,,,unmatched,,,"Baylor,freshman",prospective_2026,espn_ncaam_roster,5095152,Tounde Yessoufou,mens-college-basketball,https://a.espncdn.com/combiner/i?img=/i/headshots/mens-college-basketball/players/full/5095152.png&w=350&h=254,C:\Users\jksut\Downloads\Fun Data Testing\rsci_nlp_package_staging\nlp_draft_bias_research\outputs_llm_enhanced\headshot_cache\espn_fallback_350x254\tounde_yessoufou__espn_mens_college_basketball__5095152.png,dry_run_matched,,,"Baylor,freshman",239.0,Baylor Bears
Tre White,tre white,prospective_2026,2026,2026,1,unmatched,,,,,,unmatched,,,Kansas,prospective_2026,espn_ncaam_roster,5105643,Tre White,mens-college-basketball,https://a.espncdn.com/combiner/i?img=/i/headshots/mens-college-basketball/players/full/5105643.png&w=350&h=254,C:\Users\jksut\Downloads\Fun Data Testing\rsci_nlp_package_staging\nlp_draft_bias_research\outputs_llm_enhanced\headshot_cache\espn_fallback_350x254\tre_white__espn_mens_college_basketball__5105643.png,dry_run_matched,,,Kansas,2305.0,Kansas Jayhawks
Trevon Brazile,trevon brazile,prospective_2026,2026,2026,2,unmatched,,,,,,unmatched,,,"Arkansas|Arkansas,senior",prospective_2026,espn_ncaam_roster,4698719,Trevon Brazile,mens-college-basketball,https://a.espncdn.com/combiner/i?img=/i/headshots/mens-college-basketball/players/full/4698719.png&w=350&h=254,C:\Users\jksut\Downloads\Fun Data Testing\rsci_nlp_package_staging\nlp_draft_bias_research\outputs_llm_enhanced\headshot_cache\espn_fallback_350x254\trevon_brazile__espn_mens_college_basketball__4698719.png,dry_run_matched,,,Arkansas,8.0,Arkansas Razorbacks
Trey Kaufman-Renn,trey kaufman renn,prospective_2026,2026,2026,1,unmatched,,,,,,unmatched,,,Purdue,prospective_2026,espn_ncaam_roster,4897438,Trey Kaufman-Renn,mens-college-basketball,https://a.espncdn.com/combiner/i?img=/i/headshots/mens-college-basketball/players/full/4897438.png&w=350&h=254,C:\Users\jksut\Downloads\Fun Data Testing\rsci_nlp_package_staging\nlp_draft_bias_research\outputs_llm_enhanced\headshot_cache\espn_fallback_350x254\trey_kaufman_renn__espn_mens_college_basketball__4897438.png,dry_run_matched,,,Purdue,2509.0,Purdue Boilermakers
Tyler Tanner,tyler tanner,prospective_2026,2026,2026,1,unmatched,,,,,,unmatched,,,"Vanderbilt,sophomore",prospective_2026,espn_ncaam_roster,5187600,Tyler Tanner,mens-college-basketball,https://a.espncdn.com/combiner/i?img=/i/headshots/mens-college-basketball/players/full/5187600.png&w=350&h=254,C:\Users\jksut\Downloads\Fun Data Testing\rsci_nlp_package_staging\nlp_draft_bias_research\outputs_llm_enhanced\headshot_cache\espn_fallback_350x254\tyler_tanner__espn_mens_college_basketball__5187600.png,dry_run_matched,,,"Vanderbilt,sophomore",238.0,Vanderbilt Commodores
Ugonna Onyenso,ugonna onyenso,prospective_2026,2026,2026,2,unmatched,,,,,,unmatched,,,"Virginia|Virginia,senior",prospective_2026,espn_ncaam_roster,5037878,Ugonna Onyenso,mens-college-basketball,https://a.espncdn.com/combiner/i?img=/i/headshots/mens-college-basketball/players/full/5037878.png&w=350&h=254,C:\Users\jksut\Downloads\Fun Data Testing\rsci_nlp_package_staging\nlp_draft_bias_research\outputs_llm_enhanced\headshot_cache\espn_fallback_350x254\ugonna_onyenso__espn_mens_college_basketball__5037878.png,dry_run_matched,,,Virginia,258.0,Virginia Cavaliers
Yaxel Lendeborg,yaxel lendeborg,prospective_2026,2026,2026,4,unmatched,,,,,,unmatched,,,Michigan|Michigan Senior,prospective_2026,espn_ncaam_roster,5175737,Yaxel Lendeborg,mens-college-basketball,https://a.espncdn.com/combiner/i?img=/i/headshots/mens-college-basketball/players/full/5175737.png&w=350&h=254,C:\Users\jksut\Downloads\Fun Data Testing\rsci_nlp_package_staging\nlp_draft_bias_research\outputs_llm_enhanced\headshot_cache\espn_fallback_350x254\yaxel_lendeborg__espn_mens_college_basketball__5175737.png,dry_run_matched,,,Michigan,130.0,Michigan Wolverines
Zuby Ejiofor,zuby ejiofor,prospective_2026,2026,2026,3,unmatched,,,,,,unmatched,,,St. John's Senior|St. Johns|St. John’s,prospective_2026,espn_ncaam_roster,5106262,Zuby Ejiofor,mens-college-basketball,https://a.espncdn.com/combiner/i?img=/i/headshots/mens-college-basketball/players/full/5106262.png&w=350&h=254,C:\Users\jksut\Downloads\Fun Data Testing\rsci_nlp_package_staging\nlp_draft_bias_research\outputs_llm_enhanced\headshot_cache\espn_fallback_350x254\zuby_ejiofor__espn_mens_college_basketball__5106262.png,dry_run_matched,,,St. John's Senior,2599.0,St. John's Red Storm
