player_name,player_key,draft_year,match_method,nba_person_id,nba_full_name,headshot_url,local_file,download_status,http_status,content_type
AJ Griffin,aj griffin,2022,existing_cache,,,,,already_had_cached_headshot,,
Andrew Nembhard,andrew nembhard,2022,existing_cache,,,,,already_had_cached_headshot,,
Bennedict Mathurin,bennedict mathurin,2022,existing_cache,,,,,already_had_cached_headshot,,
Blake Wesley,blake wesley,2022,existing_cache,,,,,already_had_cached_headshot,,
Bryce McGowens,bryce mcgowens,2022,existing_cache,,,,,already_had_cached_headshot,,
Caleb Houstan,caleb houstan,2022,existing_cache,,,,,already_had_cached_headshot,,
Chet Holmgren,chet holmgren,2022,existing_cache,,,,,already_had_cached_headshot,,
Christian Braun,christian braun,2022,existing_cache,,,,,already_had_cached_headshot,,
Christian Koloko,christian koloko,2022,existing_cache,,,,,already_had_cached_headshot,,
Dalen Terry,dalen terry,2022,existing_cache,,,,,already_had_cached_headshot,,
Dyson Daniels,dyson daniels,2022,existing_cache,,,,,already_had_cached_headshot,,
Gabriele Procida,gabriele procida,2022,unmatched_nba_static,,,,,unmatched,,
Isaiah Mobley,isaiah mobley,2022,existing_cache,,,,,already_had_cached_headshot,,
Ismael Kamagate,ismael kamagate,2022,unmatched_nba_static,,,,,unmatched,,
JD Davison,jd davison,2022,existing_cache,,,,,already_had_cached_headshot,,
Jabari Smith Jr.,jabari smith,2022,existing_cache,,,,,already_had_cached_headshot,,
Jabari Walker,jabari walker,2022,existing_cache,,,,,already_had_cached_headshot,,
Jaden Hardy,jaden hardy,2022,existing_cache,,,,,already_had_cached_headshot,,
Jaden Ivey,jaden ivey,2022,existing_cache,,,,,already_had_cached_headshot,,
Jake LaRavia,jake laravia,2022,existing_cache,,,,,already_had_cached_headshot,,
Jalen Duren,jalen duren,2022,existing_cache,,,,,already_had_cached_headshot,,
Jalen Williams,jalen williams,2022,existing_cache,,,,,already_had_cached_headshot,,
Jaylin Williams,jaylin williams,2022,existing_cache,,,,,already_had_cached_headshot,,
Jeremy Sochan,jeremy sochan,2022,existing_cache,,,,,already_had_cached_headshot,,
Johnny Davis,johnny davis,2022,existing_cache,,,,,already_had_cached_headshot,,
Josh Minott,josh minott,2022,existing_cache,,,,,already_had_cached_headshot,,
Karlo Matković,karlo matkovi,2022,existing_cache,,,,,already_had_cached_headshot,,
Keegan Murray,keegan murray,2022,existing_cache,,,,,already_had_cached_headshot,,
Kendall Brown,kendall brown,2022,existing_cache,,,,,already_had_cached_headshot,,
Kennedy Chandler,kennedy chandler,2022,existing_cache,,,,,already_had_cached_headshot,,
Malaki Branham,malaki branham,2022,existing_cache,,,,,already_had_cached_headshot,,
MarJon Beauchamp,marjon beauchamp,2022,existing_cache,,,,,already_had_cached_headshot,,
Mark Williams,mark williams,2022,existing_cache,,,,,already_had_cached_headshot,,
Max Christie,max christie,2022,existing_cache,,,,,already_had_cached_headshot,,
Nikola Jović,nikola jovi,2022,existing_cache,,,,,already_had_cached_headshot,,
Ochai Agbaji,ochai agbaji,2022,existing_cache,,,,,already_had_cached_headshot,,
Ousmane Dieng,ousmane dieng,2022,existing_cache,,,,,already_had_cached_headshot,,
Paolo Banchero,paolo banchero,2022,existing_cache,,,,,already_had_cached_headshot,,
Patrick Baldwin Jr.,patrick baldwin,2022,existing_cache,,,,,already_had_cached_headshot,,
Peyton Watson,peyton watson,2022,existing_cache,,,,,already_had_cached_headshot,,
Ryan Rollins,ryan rollins,2022,existing_cache,,,,,already_had_cached_headshot,,
Shaedon Sharpe,shaedon sharpe,2022,existing_cache,,,,,already_had_cached_headshot,,
Tari Eason,tari eason,2022,existing_cache,,,,,already_had_cached_headshot,,
Trevor Keels,trevor keels,2022,existing_cache,,,,,already_had_cached_headshot,,
TyTy Washington Jr.,tyty washington,2022,existing_cache,,,,,already_had_cached_headshot,,
Walker Kessler,walker kessler,2022,existing_cache,,,,,already_had_cached_headshot,,
Wendell Moore Jr.,wendell moore,2022,existing_cache,,,,,already_had_cached_headshot,,
Adam Flagler,adam flagler,2023,nba_static_exact_norm,1641745,Adam Flagler,https://cdn.nba.com/headshots/nba/latest/1040x760/1641745.png,C:\Users\jksut\Downloads\Fun Data Testing\rsci_nlp_package_staging\nlp_draft_bias_research\outputs_llm_enhanced\headshot_cache\nba_cdn_latest_1040x760\adam_flagler__1641745.png,downloaded,200,image/png
Adama Sanogo,adama sanogo,2023,nba_static_exact_norm,1641766,Adama Sanogo,https://cdn.nba.com/headshots/nba/latest/1040x760/1641766.png,C:\Users\jksut\Downloads\Fun Data Testing\rsci_nlp_package_staging\nlp_draft_bias_research\outputs_llm_enhanced\headshot_cache\nba_cdn_latest_1040x760\adama_sanogo__1641766.png,downloaded,200,image/png
Amari Bailey,amari bailey,2023,nba_static_exact_norm,1641735,Amari Bailey,https://cdn.nba.com/headshots/nba/latest/1040x760/1641735.png,C:\Users\jksut\Downloads\Fun Data Testing\rsci_nlp_package_staging\nlp_draft_bias_research\outputs_llm_enhanced\headshot_cache\nba_cdn_latest_1040x760\amari_bailey__1641735.png,downloaded,200,image/png
Amen Thompson,amen thompson,2023,nba_static_exact_norm,1641708,Amen Thompson,https://cdn.nba.com/headshots/nba/latest/1040x760/1641708.png,C:\Users\jksut\Downloads\Fun Data Testing\rsci_nlp_package_staging\nlp_draft_bias_research\outputs_llm_enhanced\headshot_cache\nba_cdn_latest_1040x760\amen_thompson__1641708.png,downloaded,200,image/png
Andre Jackson Jr.,andre jackson,2023,nba_static_exact_norm,1641748,Andre Jackson Jr.,https://cdn.nba.com/headshots/nba/latest/1040x760/1641748.png,C:\Users\jksut\Downloads\Fun Data Testing\rsci_nlp_package_staging\nlp_draft_bias_research\outputs_llm_enhanced\headshot_cache\nba_cdn_latest_1040x760\andre_jackson__1641748.png,downloaded,200,image/png
Anthony Black,anthony black,2023,nba_static_exact_norm,1641710,Anthony Black,https://cdn.nba.com/headshots/nba/latest/1040x760/1641710.png,C:\Users\jksut\Downloads\Fun Data Testing\rsci_nlp_package_staging\nlp_draft_bias_research\outputs_llm_enhanced\headshot_cache\nba_cdn_latest_1040x760\anthony_black__1641710.png,downloaded,200,image/png
Ausar Thompson,ausar thompson,2023,nba_static_exact_norm,1641709,Ausar Thompson,https://cdn.nba.com/headshots/nba/latest/1040x760/1641709.png,C:\Users\jksut\Downloads\Fun Data Testing\rsci_nlp_package_staging\nlp_draft_bias_research\outputs_llm_enhanced\headshot_cache\nba_cdn_latest_1040x760\ausar_thompson__1641709.png,downloaded,200,image/png
Azuolas Tubelis,azuolas tubelis,2023,unmatched_nba_static,,,,,unmatched,,
Ben Sheppard,ben sheppard,2023,nba_static_exact_norm,1641767,Ben Sheppard,https://cdn.nba.com/headshots/nba/latest/1040x760/1641767.png,C:\Users\jksut\Downloads\Fun Data Testing\rsci_nlp_package_staging\nlp_draft_bias_research\outputs_llm_enhanced\headshot_cache\nba_cdn_latest_1040x760\ben_sheppard__1641767.png,downloaded,200,image/png
Bilal Coulibaly,bilal coulibaly,2023,nba_static_exact_norm,1641731,Bilal Coulibaly,https://cdn.nba.com/headshots/nba/latest/1040x760/1641731.png,C:\Users\jksut\Downloads\Fun Data Testing\rsci_nlp_package_staging\nlp_draft_bias_research\outputs_llm_enhanced\headshot_cache\nba_cdn_latest_1040x760\bilal_coulibaly__1641731.png,downloaded,200,image/png
Brandin Podziemski,brandin podziemski,2023,nba_static_exact_norm,1641764,Brandin Podziemski,https://cdn.nba.com/headshots/nba/latest/1040x760/1641764.png,C:\Users\jksut\Downloads\Fun Data Testing\rsci_nlp_package_staging\nlp_draft_bias_research\outputs_llm_enhanced\headshot_cache\nba_cdn_latest_1040x760\brandin_podziemski__1641764.png,downloaded,200,image/png
Brandon Miller,brandon miller,2023,nba_static_exact_norm,1641706,Brandon Miller,https://cdn.nba.com/headshots/nba/latest/1040x760/1641706.png,C:\Users\jksut\Downloads\Fun Data Testing\rsci_nlp_package_staging\nlp_draft_bias_research\outputs_llm_enhanced\headshot_cache\nba_cdn_latest_1040x760\brandon_miller__1641706.png,downloaded,200,image/png
Brice Sensabaugh,brice sensabaugh,2023,nba_static_exact_norm,1641729,Brice Sensabaugh,https://cdn.nba.com/headshots/nba/latest/1040x760/1641729.png,C:\Users\jksut\Downloads\Fun Data Testing\rsci_nlp_package_staging\nlp_draft_bias_research\outputs_llm_enhanced\headshot_cache\nba_cdn_latest_1040x760\brice_sensabaugh__1641729.png,downloaded,200,image/png
Cam Whitmore,cam whitmore,2023,nba_static_exact_norm,1641715,Cam Whitmore,https://cdn.nba.com/headshots/nba/latest/1040x760/1641715.png,C:\Users\jksut\Downloads\Fun Data Testing\rsci_nlp_package_staging\nlp_draft_bias_research\outputs_llm_enhanced\headshot_cache\nba_cdn_latest_1040x760\cam_whitmore__1641715.png,downloaded,200,image/png
Cason Wallace,cason wallace,2023,nba_static_exact_norm,1641717,Cason Wallace,https://cdn.nba.com/headshots/nba/latest/1040x760/1641717.png,C:\Users\jksut\Downloads\Fun Data Testing\rsci_nlp_package_staging\nlp_draft_bias_research\outputs_llm_enhanced\headshot_cache\nba_cdn_latest_1040x760\cason_wallace__1641717.png,downloaded,200,image/png
Colby Jones,colby jones,2023,nba_static_exact_norm,1641732,Colby Jones,https://cdn.nba.com/headshots/nba/latest/1040x760/1641732.png,C:\Users\jksut\Downloads\Fun Data Testing\rsci_nlp_package_staging\nlp_draft_bias_research\outputs_llm_enhanced\headshot_cache\nba_cdn_latest_1040x760\colby_jones__1641732.png,downloaded,200,image/png
Dariq Whitehead,dariq whitehead,2023,nba_static_exact_norm,1641727,Dariq Whitehead,https://cdn.nba.com/headshots/nba/latest/1040x760/1641727.png,C:\Users\jksut\Downloads\Fun Data Testing\rsci_nlp_package_staging\nlp_draft_bias_research\outputs_llm_enhanced\headshot_cache\nba_cdn_latest_1040x760\dariq_whitehead__1641727.png,downloaded,200,image/png
Dereck Lively II,dereck lively,2023,nba_static_exact_norm,1641726,Dereck Lively II,https://cdn.nba.com/headshots/nba/latest/1040x760/1641726.png,C:\Users\jksut\Downloads\Fun Data Testing\rsci_nlp_package_staging\nlp_draft_bias_research\outputs_llm_enhanced\headshot_cache\nba_cdn_latest_1040x760\dereck_lively__1641726.png,downloaded,200,image/png
Emoni Bates,emoni bates,2023,nba_static_exact_norm,1641734,Emoni Bates,https://cdn.nba.com/headshots/nba/latest/1040x760/1641734.png,C:\Users\jksut\Downloads\Fun Data Testing\rsci_nlp_package_staging\nlp_draft_bias_research\outputs_llm_enhanced\headshot_cache\nba_cdn_latest_1040x760\emoni_bates__1641734.png,downloaded,200,image/png
GG Jackson,gg jackson,2023,nba_static_exact_norm,1641713,GG Jackson,https://cdn.nba.com/headshots/nba/latest/1040x760/1641713.png,C:\Users\jksut\Downloads\Fun Data Testing\rsci_nlp_package_staging\nlp_draft_bias_research\outputs_llm_enhanced\headshot_cache\nba_cdn_latest_1040x760\gg_jackson__1641713.png,downloaded,200,image/png
Gradey Dick,gradey dick,2023,nba_static_exact_norm,1641711,Gradey Dick,https://cdn.nba.com/headshots/nba/latest/1040x760/1641711.png,C:\Users\jksut\Downloads\Fun Data Testing\rsci_nlp_package_staging\nlp_draft_bias_research\outputs_llm_enhanced\headshot_cache\nba_cdn_latest_1040x760\gradey_dick__1641711.png,downloaded,200,image/png
Isaiah Wong,isaiah wong,2023,nba_static_exact_norm,1631209,Isaiah Wong,https://cdn.nba.com/headshots/nba/latest/1040x760/1631209.png,C:\Users\jksut\Downloads\Fun Data Testing\rsci_nlp_package_staging\nlp_draft_bias_research\outputs_llm_enhanced\headshot_cache\nba_cdn_latest_1040x760\isaiah_wong__1631209.png,downloaded,200,image/png
Jaime Jaquez Jr.,jaime jaquez,2023,nba_static_exact_norm,1631170,Jaime Jaquez Jr.,https://cdn.nba.com/headshots/nba/latest/1040x760/1631170.png,C:\Users\jksut\Downloads\Fun Data Testing\rsci_nlp_package_staging\nlp_draft_bias_research\outputs_llm_enhanced\headshot_cache\nba_cdn_latest_1040x760\jaime_jaquez__1631170.png,downloaded,200,image/png
Jalen Hood-Schif...,jalen hood schif,2023,unmatched_nba_static,,,,,unmatched,,
Jalen Hood-Schifino,jalen hood schifino,2023,nba_static_exact_norm,1641720,Jalen Hood-Schifino,https://cdn.nba.com/headshots/nba/latest/1040x760/1641720.png,C:\Users\jksut\Downloads\Fun Data Testing\rsci_nlp_package_staging\nlp_draft_bias_research\outputs_llm_enhanced\headshot_cache\nba_cdn_latest_1040x760\jalen_hood_schifino__1641720.png,downloaded,200,image/png
Jalen Pickett,jalen pickett,2023,nba_static_exact_norm,1629618,Jalen Pickett,https://cdn.nba.com/headshots/nba/latest/1040x760/1629618.png,C:\Users\jksut\Downloads\Fun Data Testing\rsci_nlp_package_staging\nlp_draft_bias_research\outputs_llm_enhanced\headshot_cache\nba_cdn_latest_1040x760\jalen_pickett__1629618.png,downloaded,200,image/png
Jalen Wilson,jalen wilson,2023,nba_static_exact_norm,1630592,Jalen Wilson,https://cdn.nba.com/headshots/nba/latest/1040x760/1630592.png,C:\Users\jksut\Downloads\Fun Data Testing\rsci_nlp_package_staging\nlp_draft_bias_research\outputs_llm_enhanced\headshot_cache\nba_cdn_latest_1040x760\jalen_wilson__1630592.png,downloaded,200,image/png
James Nnaji,james nnaji,2023,unmatched_nba_static,,,,,unmatched,,
Jarace Walker,jarace walker,2023,nba_static_exact_norm,1641716,Jarace Walker,https://cdn.nba.com/headshots/nba/latest/1040x760/1641716.png,C:\Users\jksut\Downloads\Fun Data Testing\rsci_nlp_package_staging\nlp_draft_bias_research\outputs_llm_enhanced\headshot_cache\nba_cdn_latest_1040x760\jarace_walker__1641716.png,downloaded,200,image/png
Jaylen Clark,jaylen clark,2023,nba_static_exact_norm,1641740,Jaylen Clark,https://cdn.nba.com/headshots/nba/latest/1040x760/1641740.png,C:\Users\jksut\Downloads\Fun Data Testing\rsci_nlp_package_staging\nlp_draft_bias_research\outputs_llm_enhanced\headshot_cache\nba_cdn_latest_1040x760\jaylen_clark__1641740.png,downloaded,200,image/png
Jett Howard,jett howard,2023,nba_static_exact_norm,1641724,Jett Howard,https://cdn.nba.com/headshots/nba/latest/1040x760/1641724.png,C:\Users\jksut\Downloads\Fun Data Testing\rsci_nlp_package_staging\nlp_draft_bias_research\outputs_llm_enhanced\headshot_cache\nba_cdn_latest_1040x760\jett_howard__1641724.png,downloaded,200,image/png
Jordan Hawkins,jordan hawkins,2023,nba_static_exact_norm,1641722,Jordan Hawkins,https://cdn.nba.com/headshots/nba/latest/1040x760/1641722.png,C:\Users\jksut\Downloads\Fun Data Testing\rsci_nlp_package_staging\nlp_draft_bias_research\outputs_llm_enhanced\headshot_cache\nba_cdn_latest_1040x760\jordan_hawkins__1641722.png,downloaded,200,image/png
Jordan Walsh,jordan walsh,2023,nba_static_exact_norm,1641775,Jordan Walsh,https://cdn.nba.com/headshots/nba/latest/1040x760/1641775.png,C:\Users\jksut\Downloads\Fun Data Testing\rsci_nlp_package_staging\nlp_draft_bias_research\outputs_llm_enhanced\headshot_cache\nba_cdn_latest_1040x760\jordan_walsh__1641775.png,downloaded,200,image/png
Julian Phillips,julian phillips,2023,nba_static_exact_norm,1641763,Julian Phillips,https://cdn.nba.com/headshots/nba/latest/1040x760/1641763.png,C:\Users\jksut\Downloads\Fun Data Testing\rsci_nlp_package_staging\nlp_draft_bias_research\outputs_llm_enhanced\headshot_cache\nba_cdn_latest_1040x760\julian_phillips__1641763.png,downloaded,200,image/png
Julian Strawther,julian strawther,2023,nba_static_exact_norm,1631124,Julian Strawther,https://cdn.nba.com/headshots/nba/latest/1040x760/1631124.png,C:\Users\jksut\Downloads\Fun Data Testing\rsci_nlp_package_staging\nlp_draft_bias_research\outputs_llm_enhanced\headshot_cache\nba_cdn_latest_1040x760\julian_strawther__1631124.png,downloaded,200,image/png
Keyontae Johnson,keyontae johnson,2023,nba_static_exact_norm,1641749,Keyontae Johnson,https://cdn.nba.com/headshots/nba/latest/1040x760/1641749.png,C:\Users\jksut\Downloads\Fun Data Testing\rsci_nlp_package_staging\nlp_draft_bias_research\outputs_llm_enhanced\headshot_cache\nba_cdn_latest_1040x760\keyontae_johnson__1641749.png,downloaded,200,image/png
Keyonte George,keyonte george,2023,nba_static_exact_norm,1641718,Keyonte George,https://cdn.nba.com/headshots/nba/latest/1040x760/1641718.png,C:\Users\jksut\Downloads\Fun Data Testing\rsci_nlp_package_staging\nlp_draft_bias_research\outputs_llm_enhanced\headshot_cache\nba_cdn_latest_1040x760\keyonte_george__1641718.png,downloaded,200,image/png
Kobe Brown,kobe brown,2023,nba_static_exact_norm,1641738,Kobe Brown,https://cdn.nba.com/headshots/nba/latest/1040x760/1641738.png,C:\Users\jksut\Downloads\Fun Data Testing\rsci_nlp_package_staging\nlp_draft_bias_research\outputs_llm_enhanced\headshot_cache\nba_cdn_latest_1040x760\kobe_brown__1641738.png,downloaded,200,image/png
Kobe Bufkin,kobe bufkin,2023,nba_static_exact_norm,1641723,Kobe Bufkin,https://cdn.nba.com/headshots/nba/latest/1040x760/1641723.png,C:\Users\jksut\Downloads\Fun Data Testing\rsci_nlp_package_staging\nlp_draft_bias_research\outputs_llm_enhanced\headshot_cache\nba_cdn_latest_1040x760\kobe_bufkin__1641723.png,downloaded,200,image/png
Kris Murray,kris murray,2023,nba_static_exact_norm,1631200,Kris Murray,https://cdn.nba.com/headshots/nba/latest/1040x760/1631200.png,C:\Users\jksut\Downloads\Fun Data Testing\rsci_nlp_package_staging\nlp_draft_bias_research\outputs_llm_enhanced\headshot_cache\nba_cdn_latest_1040x760\kris_murray__1631200.png,downloaded,200,image/png
Leonard Miller,leonard miller,2023,nba_static_exact_norm,1631159,Leonard Miller,https://cdn.nba.com/headshots/nba/latest/1040x760/1631159.png,C:\Users\jksut\Downloads\Fun Data Testing\rsci_nlp_package_staging\nlp_draft_bias_research\outputs_llm_enhanced\headshot_cache\nba_cdn_latest_1040x760\leonard_miller__1631159.png,downloaded,200,image/png
Malcolm Cazalon,malcolm cazalon,2023,nba_static_exact_norm,1630608,Malcolm Cazalon,https://cdn.nba.com/headshots/nba/latest/1040x760/1630608.png,C:\Users\jksut\Downloads\Fun Data Testing\rsci_nlp_package_staging\nlp_draft_bias_research\outputs_llm_enhanced\headshot_cache\nba_cdn_latest_1040x760\malcolm_cazalon__1630608.png,downloaded,200,image/png
Marcus Sasser,marcus sasser,2023,nba_static_exact_norm,1631204,Marcus Sasser,https://cdn.nba.com/headshots/nba/latest/1040x760/1631204.png,C:\Users\jksut\Downloads\Fun Data Testing\rsci_nlp_package_staging\nlp_draft_bias_research\outputs_llm_enhanced\headshot_cache\nba_cdn_latest_1040x760\marcus_sasser__1631204.png,downloaded,200,image/png
Maxwell Lewis,maxwell lewis,2023,nba_static_exact_norm,1641721,Maxwell Lewis,https://cdn.nba.com/headshots/nba/latest/1040x760/1641721.png,C:\Users\jksut\Downloads\Fun Data Testing\rsci_nlp_package_staging\nlp_draft_bias_research\outputs_llm_enhanced\headshot_cache\nba_cdn_latest_1040x760\maxwell_lewis__1641721.png,downloaded,200,image/png
Nadir Hifi,nadir hifi,2023,unmatched_nba_static,,,,,unmatched,,
Nick Smith Jr.,nick smith,2023,nba_static_exact_norm,1641733,Nick Smith Jr.,https://cdn.nba.com/headshots/nba/latest/1040x760/1641733.png,C:\Users\jksut\Downloads\Fun Data Testing\rsci_nlp_package_staging\nlp_draft_bias_research\outputs_llm_enhanced\headshot_cache\nba_cdn_latest_1040x760\nick_smith__1641733.png,downloaded,200,image/png
Noah Clowney,noah clowney,2023,nba_static_exact_norm,1641730,Noah Clowney,https://cdn.nba.com/headshots/nba/latest/1040x760/1641730.png,C:\Users\jksut\Downloads\Fun Data Testing\rsci_nlp_package_staging\nlp_draft_bias_research\outputs_llm_enhanced\headshot_cache\nba_cdn_latest_1040x760\noah_clowney__1641730.png,downloaded,200,image/png
Olivier-Maxence ...,olivier maxence,2023,unmatched_nba_static,,,,,unmatched,,
Olivier-Maxence Prosper,olivier maxence prosper,2023,nba_static_exact_norm,1641765,Olivier-Maxence Prosper,https://cdn.nba.com/headshots/nba/latest/1040x760/1641765.png,C:\Users\jksut\Downloads\Fun Data Testing\rsci_nlp_package_staging\nlp_draft_bias_research\outputs_llm_enhanced\headshot_cache\nba_cdn_latest_1040x760\olivier_maxence_prosper__1641765.png,downloaded,200,image/png
Oscar Tshiebwe,oscar tshiebwe,2023,nba_static_exact_norm,1631131,Oscar Tshiebwe,https://cdn.nba.com/headshots/nba/latest/1040x760/1631131.png,C:\Users\jksut\Downloads\Fun Data Testing\rsci_nlp_package_staging\nlp_draft_bias_research\outputs_llm_enhanced\headshot_cache\nba_cdn_latest_1040x760\oscar_tshiebwe__1631131.png,downloaded,200,image/png
Rayan Rupert,rayan rupert,2023,nba_static_exact_norm,1641712,Rayan Rupert,https://cdn.nba.com/headshots/nba/latest/1040x760/1641712.png,C:\Users\jksut\Downloads\Fun Data Testing\rsci_nlp_package_staging\nlp_draft_bias_research\outputs_llm_enhanced\headshot_cache\nba_cdn_latest_1040x760\rayan_rupert__1641712.png,downloaded,200,image/png
Ricky Council,ricky council,2023,nba_static_exact_norm,1641741,Ricky Council IV,https://cdn.nba.com/headshots/nba/latest/1040x760/1641741.png,C:\Users\jksut\Downloads\Fun Data Testing\rsci_nlp_package_staging\nlp_draft_bias_research\outputs_llm_enhanced\headshot_cache\nba_cdn_latest_1040x760\ricky_council__1641741.png,downloaded,200,image/png
Scoot Henderson,scoot henderson,2023,nba_static_exact_norm,1630703,Scoot Henderson,https://cdn.nba.com/headshots/nba/latest/1040x760/1630703.png,C:\Users\jksut\Downloads\Fun Data Testing\rsci_nlp_package_staging\nlp_draft_bias_research\outputs_llm_enhanced\headshot_cache\nba_cdn_latest_1040x760\scoot_henderson__1630703.png,downloaded,200,image/png
Seth Lundy,seth lundy,2023,nba_static_exact_norm,1641754,Seth Lundy,https://cdn.nba.com/headshots/nba/latest/1040x760/1641754.png,C:\Users\jksut\Downloads\Fun Data Testing\rsci_nlp_package_staging\nlp_draft_bias_research\outputs_llm_enhanced\headshot_cache\nba_cdn_latest_1040x760\seth_lundy__1641754.png,downloaded,200,image/png
Sidy Cissoko,sidy cissoko,2023,nba_static_exact_norm,1631321,Sidy Cissoko,https://cdn.nba.com/headshots/nba/latest/1040x760/1631321.png,C:\Users\jksut\Downloads\Fun Data Testing\rsci_nlp_package_staging\nlp_draft_bias_research\outputs_llm_enhanced\headshot_cache\nba_cdn_latest_1040x760\sidy_cissoko__1631321.png,downloaded,200,image/png
Taylor Hendricks,taylor hendricks,2023,nba_static_exact_norm,1641707,Taylor Hendricks,https://cdn.nba.com/headshots/nba/latest/1040x760/1641707.png,C:\Users\jksut\Downloads\Fun Data Testing\rsci_nlp_package_staging\nlp_draft_bias_research\outputs_llm_enhanced\headshot_cache\nba_cdn_latest_1040x760\taylor_hendricks__1641707.png,downloaded,200,image/png
Terquavion Smith,terquavion smith,2023,nba_static_exact_norm,1631173,Terquavion Smith,https://cdn.nba.com/headshots/nba/latest/1040x760/1631173.png,C:\Users\jksut\Downloads\Fun Data Testing\rsci_nlp_package_staging\nlp_draft_bias_research\outputs_llm_enhanced\headshot_cache\nba_cdn_latest_1040x760\terquavion_smith__1631173.png,downloaded,200,image/png
Trayce Jackson-D...,trayce jackson d,2023,unmatched_nba_static,,,,,unmatched,,
Tristan Vukcevic,tristan vukcevic,2023,nba_static_exact_norm,1641774,Tristan Vukcevic,https://cdn.nba.com/headshots/nba/latest/1040x760/1641774.png,C:\Users\jksut\Downloads\Fun Data Testing\rsci_nlp_package_staging\nlp_draft_bias_research\outputs_llm_enhanced\headshot_cache\nba_cdn_latest_1040x760\tristan_vukcevic__1641774.png,downloaded,200,image/png
Victor Wembanyama,victor wembanyama,2023,nba_static_exact_norm,1641705,Victor Wembanyama,https://cdn.nba.com/headshots/nba/latest/1040x760/1641705.png,C:\Users\jksut\Downloads\Fun Data Testing\rsci_nlp_package_staging\nlp_draft_bias_research\outputs_llm_enhanced\headshot_cache\nba_cdn_latest_1040x760\victor_wembanyama__1641705.png,downloaded,200,image/png
AJ Johnson,aj johnson,2024,nba_static_exact_norm,1642358,AJ Johnson,https://cdn.nba.com/headshots/nba/latest/1040x760/1642358.png,C:\Users\jksut\Downloads\Fun Data Testing\rsci_nlp_package_staging\nlp_draft_bias_research\outputs_llm_enhanced\headshot_cache\nba_cdn_latest_1040x760\aj_johnson__1642358.png,downloaded,200,image/png
Adem Bona,adem bona,2024,nba_static_exact_norm,1641737,Adem Bona,https://cdn.nba.com/headshots/nba/latest/1040x760/1641737.png,C:\Users\jksut\Downloads\Fun Data Testing\rsci_nlp_package_staging\nlp_draft_bias_research\outputs_llm_enhanced\headshot_cache\nba_cdn_latest_1040x760\adem_bona__1641737.png,downloaded,200,image/png
Ajay Mitchell,ajay mitchell,2024,nba_static_exact_norm,1642349,Ajay Mitchell,https://cdn.nba.com/headshots/nba/latest/1040x760/1642349.png,C:\Users\jksut\Downloads\Fun Data Testing\rsci_nlp_package_staging\nlp_draft_bias_research\outputs_llm_enhanced\headshot_cache\nba_cdn_latest_1040x760\ajay_mitchell__1642349.png,downloaded,200,image/png
Alexandre Sarr,alexandre sarr,2024,unmatched_nba_static,,,,,unmatched,,
Antonio Reeves,antonio reeves,2024,nba_static_exact_norm,1641810,Antonio Reeves,https://cdn.nba.com/headshots/nba/latest/1040x760/1641810.png,C:\Users\jksut\Downloads\Fun Data Testing\rsci_nlp_package_staging\nlp_draft_bias_research\outputs_llm_enhanced\headshot_cache\nba_cdn_latest_1040x760\antonio_reeves__1641810.png,downloaded,200,image/png
Ariel Hukporti,ariel hukporti,2024,nba_static_exact_norm,1630574,Ariel Hukporti,https://cdn.nba.com/headshots/nba/latest/1040x760/1630574.png,C:\Users\jksut\Downloads\Fun Data Testing\rsci_nlp_package_staging\nlp_draft_bias_research\outputs_llm_enhanced\headshot_cache\nba_cdn_latest_1040x760\ariel_hukporti__1630574.png,downloaded,200,image/png
Armel Traore,armel traore,2024,nba_static_exact_norm,1642422,Armel Traore,https://cdn.nba.com/headshots/nba/latest/1040x760/1642422.png,C:\Users\jksut\Downloads\Fun Data Testing\rsci_nlp_package_staging\nlp_draft_bias_research\outputs_llm_enhanced\headshot_cache\nba_cdn_latest_1040x760\armel_traore__1642422.png,downloaded,200,image/png
Baylor Scheierman,baylor scheierman,2024,nba_static_exact_norm,1631248,Baylor Scheierman,https://cdn.nba.com/headshots/nba/latest/1040x760/1631248.png,C:\Users\jksut\Downloads\Fun Data Testing\rsci_nlp_package_staging\nlp_draft_bias_research\outputs_llm_enhanced\headshot_cache\nba_cdn_latest_1040x760\baylor_scheierman__1631248.png,downloaded,200,image/png
Bobi Klintman,bobi klintman,2024,nba_static_exact_norm,1641752,Bobi Klintman,https://cdn.nba.com/headshots/nba/latest/1040x760/1641752.png,C:\Users\jksut\Downloads\Fun Data Testing\rsci_nlp_package_staging\nlp_draft_bias_research\outputs_llm_enhanced\headshot_cache\nba_cdn_latest_1040x760\bobi_klintman__1641752.png,downloaded,200,image/png
Bronny James,bronny james,2024,nba_static_exact_norm,1642355,Bronny James,https://cdn.nba.com/headshots/nba/latest/1040x760/1642355.png,C:\Users\jksut\Downloads\Fun Data Testing\rsci_nlp_package_staging\nlp_draft_bias_research\outputs_llm_enhanced\headshot_cache\nba_cdn_latest_1040x760\bronny_james__1642355.png,downloaded,200,image/png
Cam Christie,cam christie,2024,nba_static_exact_norm,1642353,Cam Christie,https://cdn.nba.com/headshots/nba/latest/1040x760/1642353.png,C:\Users\jksut\Downloads\Fun Data Testing\rsci_nlp_package_staging\nlp_draft_bias_research\outputs_llm_enhanced\headshot_cache\nba_cdn_latest_1040x760\cam_christie__1642353.png,downloaded,200,image/png
Cam Spencer,cam spencer,2024,nba_static_exact_norm,1642285,Cam Spencer,https://cdn.nba.com/headshots/nba/latest/1040x760/1642285.png,C:\Users\jksut\Downloads\Fun Data Testing\rsci_nlp_package_staging\nlp_draft_bias_research\outputs_llm_enhanced\headshot_cache\nba_cdn_latest_1040x760\cam_spencer__1642285.png,downloaded,200,image/png
Carlton Carrington,carlton carrington,2024,unmatched_nba_static,,,,,unmatched,,
Cody Williams,cody williams,2024,nba_static_exact_norm,1642262,Cody Williams,https://cdn.nba.com/headshots/nba/latest/1040x760/1642262.png,C:\Users\jksut\Downloads\Fun Data Testing\rsci_nlp_package_staging\nlp_draft_bias_research\outputs_llm_enhanced\headshot_cache\nba_cdn_latest_1040x760\cody_williams__1642262.png,downloaded,200,image/png
DaRon Holmes II,daron holmes,2024,nba_static_exact_norm,1641747,DaRon Holmes II,https://cdn.nba.com/headshots/nba/latest/1040x760/1641747.png,C:\Users\jksut\Downloads\Fun Data Testing\rsci_nlp_package_staging\nlp_draft_bias_research\outputs_llm_enhanced\headshot_cache\nba_cdn_latest_1040x760\daron_holmes__1641747.png,downloaded,200,image/png
Dalton Knecht,dalton knecht,2024,nba_static_exact_norm,1642261,Dalton Knecht,https://cdn.nba.com/headshots/nba/latest/1040x760/1642261.png,C:\Users\jksut\Downloads\Fun Data Testing\rsci_nlp_package_staging\nlp_draft_bias_research\outputs_llm_enhanced\headshot_cache\nba_cdn_latest_1040x760\dalton_knecht__1642261.png,downloaded,200,image/png
Devin Carter,devin carter,2024,nba_static_exact_norm,1642269,Devin Carter,https://cdn.nba.com/headshots/nba/latest/1040x760/1642269.png,C:\Users\jksut\Downloads\Fun Data Testing\rsci_nlp_package_staging\nlp_draft_bias_research\outputs_llm_enhanced\headshot_cache\nba_cdn_latest_1040x760\devin_carter__1642269.png,downloaded,200,image/png
Dillon Jones,dillon jones,2024,nba_static_exact_norm,1641794,Dillon Jones,https://cdn.nba.com/headshots/nba/latest/1040x760/1641794.png,C:\Users\jksut\Downloads\Fun Data Testing\rsci_nlp_package_staging\nlp_draft_bias_research\outputs_llm_enhanced\headshot_cache\nba_cdn_latest_1040x760\dillon_jones__1641794.png,downloaded,200,image/png
Donovan Clingan,donovan clingan,2024,nba_static_exact_norm,1642270,Donovan Clingan,https://cdn.nba.com/headshots/nba/latest/1040x760/1642270.png,C:\Users\jksut\Downloads\Fun Data Testing\rsci_nlp_package_staging\nlp_draft_bias_research\outputs_llm_enhanced\headshot_cache\nba_cdn_latest_1040x760\donovan_clingan__1642270.png,downloaded,200,image/png
Enrique Freeman,enrique freeman,2024,nba_static_exact_norm,1642402,Enrique Freeman,https://cdn.nba.com/headshots/nba/latest/1040x760/1642402.png,C:\Users\jksut\Downloads\Fun Data Testing\rsci_nlp_package_staging\nlp_draft_bias_research\outputs_llm_enhanced\headshot_cache\nba_cdn_latest_1040x760\enrique_freeman__1642402.png,downloaded,200,image/png
Harrison Ingram,harrison ingram,2024,nba_static_exact_norm,1631127,Harrison Ingram,https://cdn.nba.com/headshots/nba/latest/1040x760/1631127.png,C:\Users\jksut\Downloads\Fun Data Testing\rsci_nlp_package_staging\nlp_draft_bias_research\outputs_llm_enhanced\headshot_cache\nba_cdn_latest_1040x760\harrison_ingram__1631127.png,downloaded,200,image/png
Isaiah Collier,isaiah collier,2024,nba_static_exact_norm,1642268,Isaiah Collier,https://cdn.nba.com/headshots/nba/latest/1040x760/1642268.png,C:\Users\jksut\Downloads\Fun Data Testing\rsci_nlp_package_staging\nlp_draft_bias_research\outputs_llm_enhanced\headshot_cache\nba_cdn_latest_1040x760\isaiah_collier__1642268.png,downloaded,200,image/png
Ja'Kobe Walter,ja kobe walter,2024,nba_static_exact_norm,1642266,Ja'Kobe Walter,https://cdn.nba.com/headshots/nba/latest/1040x760/1642266.png,C:\Users\jksut\Downloads\Fun Data Testing\rsci_nlp_package_staging\nlp_draft_bias_research\outputs_llm_enhanced\headshot_cache\nba_cdn_latest_1040x760\ja_kobe_walter__1642266.png,downloaded,200,image/png
Jalen Bridges,jalen bridges,2024,nba_static_exact_norm,1641779,Jalen Bridges,https://cdn.nba.com/headshots/nba/latest/1040x760/1641779.png,C:\Users\jksut\Downloads\Fun Data Testing\rsci_nlp_package_staging\nlp_draft_bias_research\outputs_llm_enhanced\headshot_cache\nba_cdn_latest_1040x760\jalen_bridges__1641779.png,downloaded,200,image/png
Jamal Shead,jamal shead,2024,nba_static_exact_norm,1642347,Jamal Shead,https://cdn.nba.com/headshots/nba/latest/1040x760/1642347.png,C:\Users\jksut\Downloads\Fun Data Testing\rsci_nlp_package_staging\nlp_draft_bias_research\outputs_llm_enhanced\headshot_cache\nba_cdn_latest_1040x760\jamal_shead__1642347.png,downloaded,200,image/png
Jared McCain,jared mccain,2024,nba_static_exact_norm,1642272,Jared McCain,https://cdn.nba.com/headshots/nba/latest/1040x760/1642272.png,C:\Users\jksut\Downloads\Fun Data Testing\rsci_nlp_package_staging\nlp_draft_bias_research\outputs_llm_enhanced\headshot_cache\nba_cdn_latest_1040x760\jared_mccain__1642272.png,downloaded,200,image/png
Jaylen Wells,jaylen wells,2024,nba_static_exact_norm,1642377,Jaylen Wells,https://cdn.nba.com/headshots/nba/latest/1040x760/1642377.png,C:\Users\jksut\Downloads\Fun Data Testing\rsci_nlp_package_staging\nlp_draft_bias_research\outputs_llm_enhanced\headshot_cache\nba_cdn_latest_1040x760\jaylen_wells__1642377.png,downloaded,200,image/png
Jaylon Tyson,jaylon tyson,2024,nba_static_exact_norm,1642281,Jaylon Tyson,https://cdn.nba.com/headshots/nba/latest/1040x760/1642281.png,C:\Users\jksut\Downloads\Fun Data Testing\rsci_nlp_package_staging\nlp_draft_bias_research\outputs_llm_enhanced\headshot_cache\nba_cdn_latest_1040x760\jaylon_tyson__1642281.png,downloaded,200,image/png
Johnny Furphy,johnny furphy,2024,nba_static_exact_norm,1642277,Johnny Furphy,https://cdn.nba.com/headshots/nba/latest/1040x760/1642277.png,C:\Users\jksut\Downloads\Fun Data Testing\rsci_nlp_package_staging\nlp_draft_bias_research\outputs_llm_enhanced\headshot_cache\nba_cdn_latest_1040x760\johnny_furphy__1642277.png,downloaded,200,image/png
Jonathan Mogbo,jonathan mogbo,2024,nba_static_exact_norm,1642367,Jonathan Mogbo,https://cdn.nba.com/headshots/nba/latest/1040x760/1642367.png,C:\Users\jksut\Downloads\Fun Data Testing\rsci_nlp_package_staging\nlp_draft_bias_research\outputs_llm_enhanced\headshot_cache\nba_cdn_latest_1040x760\jonathan_mogbo__1642367.png,downloaded,200,image/png
Juan Nunez,juan nunez,2024,unmatched_nba_static,,,,,unmatched,,
Justin Edwards,justin edwards,2024,nba_static_exact_norm,1642348,Justin Edwards,https://cdn.nba.com/headshots/nba/latest/1040x760/1642348.png,C:\Users\jksut\Downloads\Fun Data Testing\rsci_nlp_package_staging\nlp_draft_bias_research\outputs_llm_enhanced\headshot_cache\nba_cdn_latest_1040x760\justin_edwards__1642348.png,downloaded,200,image/png
KJ Simpson,kj simpson,2024,nba_static_exact_norm,1642354,KJ Simpson,https://cdn.nba.com/headshots/nba/latest/1040x760/1642354.png,C:\Users\jksut\Downloads\Fun Data Testing\rsci_nlp_package_staging\nlp_draft_bias_research\outputs_llm_enhanced\headshot_cache\nba_cdn_latest_1040x760\kj_simpson__1642354.png,downloaded,200,image/png
Kel'el Ware,kel el ware,2024,nba_static_exact_norm,1642276,Kel'el Ware,https://cdn.nba.com/headshots/nba/latest/1040x760/1642276.png,C:\Users\jksut\Downloads\Fun Data Testing\rsci_nlp_package_staging\nlp_draft_bias_research\outputs_llm_enhanced\headshot_cache\nba_cdn_latest_1040x760\kel_el_ware__1642276.png,downloaded,200,image/png
Keshad Johnson,keshad johnson,2024,nba_static_exact_norm,1642352,Keshad Johnson,https://cdn.nba.com/headshots/nba/latest/1040x760/1642352.png,C:\Users\jksut\Downloads\Fun Data Testing\rsci_nlp_package_staging\nlp_draft_bias_research\outputs_llm_enhanced\headshot_cache\nba_cdn_latest_1040x760\keshad_johnson__1642352.png,downloaded,200,image/png
Kevin McCullar Jr.,kevin mccullar,2024,nba_static_exact_norm,1641755,Kevin McCullar Jr.,https://cdn.nba.com/headshots/nba/latest/1040x760/1641755.png,C:\Users\jksut\Downloads\Fun Data Testing\rsci_nlp_package_staging\nlp_draft_bias_research\outputs_llm_enhanced\headshot_cache\nba_cdn_latest_1040x760\kevin_mccullar__1641755.png,downloaded,200,image/png
Kyle Filipowski,kyle filipowski,2024,nba_static_exact_norm,1642271,Kyle Filipowski,https://cdn.nba.com/headshots/nba/latest/1040x760/1642271.png,C:\Users\jksut\Downloads\Fun Data Testing\rsci_nlp_package_staging\nlp_draft_bias_research\outputs_llm_enhanced\headshot_cache\nba_cdn_latest_1040x760\kyle_filipowski__1642271.png,downloaded,200,image/png
Kyshawn George,kyshawn george,2024,nba_static_exact_norm,1642273,Kyshawn George,https://cdn.nba.com/headshots/nba/latest/1040x760/1642273.png,C:\Users\jksut\Downloads\Fun Data Testing\rsci_nlp_package_staging\nlp_draft_bias_research\outputs_llm_enhanced\headshot_cache\nba_cdn_latest_1040x760\kyshawn_george__1642273.png,downloaded,200,image/png
Matas Buzelis,matas buzelis,2024,nba_static_exact_norm,1641824,Matas Buzelis,https://cdn.nba.com/headshots/nba/latest/1040x760/1641824.png,C:\Users\jksut\Downloads\Fun Data Testing\rsci_nlp_package_staging\nlp_draft_bias_research\outputs_llm_enhanced\headshot_cache\nba_cdn_latest_1040x760\matas_buzelis__1641824.png,downloaded,200,image/png
Melvin Ajinca,melvin ajinca,2024,unmatched_nba_static,,,,,unmatched,,
Nikola Djurisic,nikola djurisic,2024,unmatched_nba_static,,,,,unmatched,,
Nikola Topić,nikola topi,2024,nba_static_exact_norm,1642260,Nikola Topić,https://cdn.nba.com/headshots/nba/latest/1040x760/1642260.png,C:\Users\jksut\Downloads\Fun Data Testing\rsci_nlp_package_staging\nlp_draft_bias_research\outputs_llm_enhanced\headshot_cache\nba_cdn_latest_1040x760\nikola_topi__1642260.png,downloaded,200,image/png
Oso Ighodaro,oso ighodaro,2024,nba_static_exact_norm,1642345,Oso Ighodaro,https://cdn.nba.com/headshots/nba/latest/1040x760/1642345.png,C:\Users\jksut\Downloads\Fun Data Testing\rsci_nlp_package_staging\nlp_draft_bias_research\outputs_llm_enhanced\headshot_cache\nba_cdn_latest_1040x760\oso_ighodaro__1642345.png,downloaded,200,image/png
Pacôme Dadiet,pac me dadiet,2024,nba_static_exact_norm,1642359,Pacôme Dadiet,https://cdn.nba.com/headshots/nba/latest/1040x760/1642359.png,C:\Users\jksut\Downloads\Fun Data Testing\rsci_nlp_package_staging\nlp_draft_bias_research\outputs_llm_enhanced\headshot_cache\nba_cdn_latest_1040x760\pac_me_dadiet__1642359.png,downloaded,200,image/png
Pelle Larsson,pelle larsson,2024,nba_static_exact_norm,1641796,Pelle Larsson,https://cdn.nba.com/headshots/nba/latest/1040x760/1641796.png,C:\Users\jksut\Downloads\Fun Data Testing\rsci_nlp_package_staging\nlp_draft_bias_research\outputs_llm_enhanced\headshot_cache\nba_cdn_latest_1040x760\pelle_larsson__1641796.png,downloaded,200,image/png
Reed Sheppard,reed sheppard,2024,nba_static_exact_norm,1642263,Reed Sheppard,https://cdn.nba.com/headshots/nba/latest/1040x760/1642263.png,C:\Users\jksut\Downloads\Fun Data Testing\rsci_nlp_package_staging\nlp_draft_bias_research\outputs_llm_enhanced\headshot_cache\nba_cdn_latest_1040x760\reed_sheppard__1642263.png,downloaded,200,image/png
Rob Dillingham,rob dillingham,2024,nba_static_exact_norm,1642265,Rob Dillingham,https://cdn.nba.com/headshots/nba/latest/1040x760/1642265.png,C:\Users\jksut\Downloads\Fun Data Testing\rsci_nlp_package_staging\nlp_draft_bias_research\outputs_llm_enhanced\headshot_cache\nba_cdn_latest_1040x760\rob_dillingham__1642265.png,downloaded,200,image/png
Ronald Holland II,ronald holland,2024,nba_static_exact_norm,1641842,Ronald Holland II,https://cdn.nba.com/headshots/nba/latest/1040x760/1641842.png,C:\Users\jksut\Downloads\Fun Data Testing\rsci_nlp_package_staging\nlp_draft_bias_research\outputs_llm_enhanced\headshot_cache\nba_cdn_latest_1040x760\ronald_holland__1641842.png,downloaded,200,image/png
Ryan Dunn,ryan dunn,2024,nba_static_exact_norm,1642346,Ryan Dunn,https://cdn.nba.com/headshots/nba/latest/1040x760/1642346.png,C:\Users\jksut\Downloads\Fun Data Testing\rsci_nlp_package_staging\nlp_draft_bias_research\outputs_llm_enhanced\headshot_cache\nba_cdn_latest_1040x760\ryan_dunn__1642346.png,downloaded,200,image/png
Stephon Castle,stephon castle,2024,nba_static_exact_norm,1642264,Stephon Castle,https://cdn.nba.com/headshots/nba/latest/1040x760/1642264.png,C:\Users\jksut\Downloads\Fun Data Testing\rsci_nlp_package_staging\nlp_draft_bias_research\outputs_llm_enhanced\headshot_cache\nba_cdn_latest_1040x760\stephon_castle__1642264.png,downloaded,200,image/png
Terrence Shannon Jr.,terrence shannon,2024,nba_static_exact_norm,1630545,Terrence Shannon Jr.,https://cdn.nba.com/headshots/nba/latest/1040x760/1630545.png,C:\Users\jksut\Downloads\Fun Data Testing\rsci_nlp_package_staging\nlp_draft_bias_research\outputs_llm_enhanced\headshot_cache\nba_cdn_latest_1040x760\terrence_shannon__1630545.png,downloaded,200,image/png
Tidjane Salaün,tidjane sala n,2024,nba_static_exact_norm,1642275,Tidjane Salaün,https://cdn.nba.com/headshots/nba/latest/1040x760/1642275.png,C:\Users\jksut\Downloads\Fun Data Testing\rsci_nlp_package_staging\nlp_draft_bias_research\outputs_llm_enhanced\headshot_cache\nba_cdn_latest_1040x760\tidjane_sala_n__1642275.png,downloaded,200,image/png
Trentyn Flowers,trentyn flowers,2024,nba_static_exact_norm,1642280,Trentyn Flowers,https://cdn.nba.com/headshots/nba/latest/1040x760/1642280.png,C:\Users\jksut\Downloads\Fun Data Testing\rsci_nlp_package_staging\nlp_draft_bias_research\outputs_llm_enhanced\headshot_cache\nba_cdn_latest_1040x760\trentyn_flowers__1642280.png,downloaded,200,image/png
Trey Alexander,trey alexander,2024,nba_static_exact_norm,1641725,Trey Alexander,https://cdn.nba.com/headshots/nba/latest/1040x760/1641725.png,C:\Users\jksut\Downloads\Fun Data Testing\rsci_nlp_package_staging\nlp_draft_bias_research\outputs_llm_enhanced\headshot_cache\nba_cdn_latest_1040x760\trey_alexander__1641725.png,downloaded,200,image/png
Tristan da Silva,tristan da silva,2024,nba_static_exact_norm,1641783,Tristan da Silva,https://cdn.nba.com/headshots/nba/latest/1040x760/1641783.png,C:\Users\jksut\Downloads\Fun Data Testing\rsci_nlp_package_staging\nlp_draft_bias_research\outputs_llm_enhanced\headshot_cache\nba_cdn_latest_1040x760\tristan_da_silva__1641783.png,downloaded,200,image/png
Tristen Newton,tristen newton,2024,nba_static_exact_norm,1641803,Tristen Newton,https://cdn.nba.com/headshots/nba/latest/1040x760/1641803.png,C:\Users\jksut\Downloads\Fun Data Testing\rsci_nlp_package_staging\nlp_draft_bias_research\outputs_llm_enhanced\headshot_cache\nba_cdn_latest_1040x760\tristen_newton__1641803.png,downloaded,200,image/png
Tyler Kolek,tyler kolek,2024,nba_static_exact_norm,1642278,Tyler Kolek,https://cdn.nba.com/headshots/nba/latest/1040x760/1642278.png,C:\Users\jksut\Downloads\Fun Data Testing\rsci_nlp_package_staging\nlp_draft_bias_research\outputs_llm_enhanced\headshot_cache\nba_cdn_latest_1040x760\tyler_kolek__1642278.png,downloaded,200,image/png
Tyler Smith,tyler smith,2024,nba_static_exact_norm,1641890,Tyler Smith,https://cdn.nba.com/headshots/nba/latest/1040x760/1641890.png,C:\Users\jksut\Downloads\Fun Data Testing\rsci_nlp_package_staging\nlp_draft_bias_research\outputs_llm_enhanced\headshot_cache\nba_cdn_latest_1040x760\tyler_smith__1641890.png,downloaded,200,image/png
Ulrich Chomche,ulrich chomche,2024,nba_static_exact_norm,1642279,Ulrich Chomche,https://cdn.nba.com/headshots/nba/latest/1040x760/1642279.png,C:\Users\jksut\Downloads\Fun Data Testing\rsci_nlp_package_staging\nlp_draft_bias_research\outputs_llm_enhanced\headshot_cache\nba_cdn_latest_1040x760\ulrich_chomche__1642279.png,downloaded,200,image/png
Yves Missi,yves missi,2024,nba_static_exact_norm,1642274,Yves Missi,https://cdn.nba.com/headshots/nba/latest/1040x760/1642274.png,C:\Users\jksut\Downloads\Fun Data Testing\rsci_nlp_package_staging\nlp_draft_bias_research\outputs_llm_enhanced\headshot_cache\nba_cdn_latest_1040x760\yves_missi__1642274.png,downloaded,200,image/png
Zaccharie Risacher,zaccharie risacher,2024,nba_static_exact_norm,1642258,Zaccharie Risacher,https://cdn.nba.com/headshots/nba/latest/1040x760/1642258.png,C:\Users\jksut\Downloads\Fun Data Testing\rsci_nlp_package_staging\nlp_draft_bias_research\outputs_llm_enhanced\headshot_cache\nba_cdn_latest_1040x760\zaccharie_risacher__1642258.png,downloaded,200,image/png
Zach Edey,zach edey,2024,nba_static_exact_norm,1641744,Zach Edey,https://cdn.nba.com/headshots/nba/latest/1040x760/1641744.png,C:\Users\jksut\Downloads\Fun Data Testing\rsci_nlp_package_staging\nlp_draft_bias_research\outputs_llm_enhanced\headshot_cache\nba_cdn_latest_1040x760\zach_edey__1641744.png,downloaded,200,image/png
AJ Dybantsa,aj dybantsa,2025,existing_cache,,,,,already_had_cached_headshot,,
Ace Bailey,ace bailey,2025,nba_static_exact_norm,1642846,Ace Bailey,https://cdn.nba.com/headshots/nba/latest/1040x760/1642846.png,C:\Users\jksut\Downloads\Fun Data Testing\rsci_nlp_package_staging\nlp_draft_bias_research\outputs_llm_enhanced\headshot_cache\nba_cdn_latest_1040x760\ace_bailey__1642846.png,downloaded,200,image/png
Alex Karaban,alex karaban,2025,existing_cache,,,,,already_had_cached_headshot,,
Asa Newell,asa newell,2025,nba_static_exact_norm,1642854,Asa Newell,https://cdn.nba.com/headshots/nba/latest/1040x760/1642854.png,C:\Users\jksut\Downloads\Fun Data Testing\rsci_nlp_package_staging\nlp_draft_bias_research\outputs_llm_enhanced\headshot_cache\nba_cdn_latest_1040x760\asa_newell__1642854.png,downloaded,200,image/png
Baba Miller,baba miller,2025,existing_cache,,,,,already_had_cached_headshot,,
Baye Ndongo,baye ndongo,2025,unmatched_nba_static,,,,,unmatched,,
Bennett Stirtz,bennett stirtz,2025,existing_cache,,,,,already_had_cached_headshot,,
Braden Smith,braden smith,2025,existing_cache,,,,,already_had_cached_headshot,,
Brayden Burries,brayden burries,2025,existing_cache,,,,,already_had_cached_headshot,,
Braylon Mullins,braylon mullins,2025,unmatched_nba_static,,,,,unmatched,,
Caleb Wilson,caleb wilson,2025,existing_cache,,,,,already_had_cached_headshot,,
Cameron Boozer,cameron boozer,2025,existing_cache,,,,,already_had_cached_headshot,,
Cameron Carr,cameron carr,2025,existing_cache,,,,,already_had_cached_headshot,,
Carter Bryant,carter bryant,2025,nba_static_exact_norm,1642868,Carter Bryant,https://cdn.nba.com/headshots/nba/latest/1040x760/1642868.png,C:\Users\jksut\Downloads\Fun Data Testing\rsci_nlp_package_staging\nlp_draft_bias_research\outputs_llm_enhanced\headshot_cache\nba_cdn_latest_1040x760\carter_bryant__1642868.png,downloaded,200,image/png
Cedric Coward,cedric coward,2025,nba_static_exact_norm,1642907,Cedric Coward,https://cdn.nba.com/headshots/nba/latest/1040x760/1642907.png,C:\Users\jksut\Downloads\Fun Data Testing\rsci_nlp_package_staging\nlp_draft_bias_research\outputs_llm_enhanced\headshot_cache\nba_cdn_latest_1040x760\cedric_coward__1642907.png,downloaded,200,image/png
Chris Cenac,chris cenac,2025,existing_cache,,,,,already_had_cached_headshot,,
Collin Murray-Boyles,collin murray boyles,2025,nba_static_exact_norm,1642867,Collin Murray-Boyles,https://cdn.nba.com/headshots/nba/latest/1040x760/1642867.png,C:\Users\jksut\Downloads\Fun Data Testing\rsci_nlp_package_staging\nlp_draft_bias_research\outputs_llm_enhanced\headshot_cache\nba_cdn_latest_1040x760\collin_murray_boyles__1642867.png,downloaded,200,image/png
Cooper Flagg,cooper flagg,2025,nba_static_exact_norm,1642843,Cooper Flagg,https://cdn.nba.com/headshots/nba/latest/1040x760/1642843.png,C:\Users\jksut\Downloads\Fun Data Testing\rsci_nlp_package_staging\nlp_draft_bias_research\outputs_llm_enhanced\headshot_cache\nba_cdn_latest_1040x760\cooper_flagg__1642843.png,downloaded,200,image/png
Danny Wolf,danny wolf,2025,nba_static_exact_norm,1642874,Danny Wolf,https://cdn.nba.com/headshots/nba/latest/1040x760/1642874.png,C:\Users\jksut\Downloads\Fun Data Testing\rsci_nlp_package_staging\nlp_draft_bias_research\outputs_llm_enhanced\headshot_cache\nba_cdn_latest_1040x760\danny_wolf__1642874.png,downloaded,200,image/png
Darius Acuff,darius acuff,2025,existing_cache,,,,,already_had_cached_headshot,,
Darrion Williams,darrion williams,2025,unmatched_nba_static,,,,,unmatched,,
Darryn Peterson,darryn peterson,2025,existing_cache,,,,,already_had_cached_headshot,,
Dash Daniels,dash daniels,2025,unmatched_nba_static,,,,,unmatched,,
Derik Queen,derik queen,2025,nba_static_exact_norm,1642852,Derik Queen,https://cdn.nba.com/headshots/nba/latest/1040x760/1642852.png,C:\Users\jksut\Downloads\Fun Data Testing\rsci_nlp_package_staging\nlp_draft_bias_research\outputs_llm_enhanced\headshot_cache\nba_cdn_latest_1040x760\derik_queen__1642852.png,downloaded,200,image/png
Dillon Mitchell,dillon mitchell,2025,existing_cache,,,,,already_had_cached_headshot,,
Drake Powell,drake powell,2025,nba_static_exact_norm,1642962,Drake Powell,https://cdn.nba.com/headshots/nba/latest/1040x760/1642962.png,C:\Users\jksut\Downloads\Fun Data Testing\rsci_nlp_package_staging\nlp_draft_bias_research\outputs_llm_enhanced\headshot_cache\nba_cdn_latest_1040x760\drake_powell__1642962.png,downloaded,200,image/png
Dylan Harper,dylan harper,2025,nba_static_exact_norm,1642844,Dylan Harper,https://cdn.nba.com/headshots/nba/latest/1040x760/1642844.png,C:\Users\jksut\Downloads\Fun Data Testing\rsci_nlp_package_staging\nlp_draft_bias_research\outputs_llm_enhanced\headshot_cache\nba_cdn_latest_1040x760\dylan_harper__1642844.png,downloaded,200,image/png
Egor Dëmin,egor d min,2025,nba_static_exact_norm,1642856,Egor Dëmin,https://cdn.nba.com/headshots/nba/latest/1040x760/1642856.png,C:\Users\jksut\Downloads\Fun Data Testing\rsci_nlp_package_staging\nlp_draft_bias_research\outputs_llm_enhanced\headshot_cache\nba_cdn_latest_1040x760\egor_d_min__1642856.png,downloaded,200,image/png
Hannes Steinbach,hannes steinbach,2025,existing_cache,,,,,already_had_cached_headshot,,
Hugo González,hugo gonz lez,2025,nba_static_exact_norm,1642864,Hugo González,https://cdn.nba.com/headshots/nba/latest/1040x760/1642864.png,C:\Users\jksut\Downloads\Fun Data Testing\rsci_nlp_package_staging\nlp_draft_bias_research\outputs_llm_enhanced\headshot_cache\nba_cdn_latest_1040x760\hugo_gonz_lez__1642864.png,downloaded,200,image/png
Isaiah Evans,isaiah evans,2025,existing_cache,,,,,already_had_cached_headshot,,
JT Toppin,jt toppin,2025,unmatched_nba_static,,,,,unmatched,,
Jaden Bradley,jaden bradley,2025,existing_cache,,,,,already_had_cached_headshot,,
Jase Richardson,jase richardson,2025,nba_static_exact_norm,1642859,Jase Richardson,https://cdn.nba.com/headshots/nba/latest/1040x760/1642859.png,C:\Users\jksut\Downloads\Fun Data Testing\rsci_nlp_package_staging\nlp_draft_bias_research\outputs_llm_enhanced\headshot_cache\nba_cdn_latest_1040x760\jase_richardson__1642859.png,downloaded,200,image/png
Jeremiah Fears,jeremiah fears,2025,nba_static_exact_norm,1642847,Jeremiah Fears,https://cdn.nba.com/headshots/nba/latest/1040x760/1642847.png,C:\Users\jksut\Downloads\Fun Data Testing\rsci_nlp_package_staging\nlp_draft_bias_research\outputs_llm_enhanced\headshot_cache\nba_cdn_latest_1040x760\jeremiah_fears__1642847.png,downloaded,200,image/png
Joan Beringer,joan beringer,2025,nba_static_exact_norm,1642866,Joan Beringer,https://cdn.nba.com/headshots/nba/latest/1040x760/1642866.png,C:\Users\jksut\Downloads\Fun Data Testing\rsci_nlp_package_staging\nlp_draft_bias_research\outputs_llm_enhanced\headshot_cache\nba_cdn_latest_1040x760\joan_beringer__1642866.png,downloaded,200,image/png
Joshua Jefferson,joshua jefferson,2025,existing_cache,,,,,already_had_cached_headshot,,
Kasparas Jakučionis,kasparas jaku ionis,2025,nba_static_exact_norm,1642857,Kasparas Jakučionis,https://cdn.nba.com/headshots/nba/latest/1040x760/1642857.png,C:\Users\jksut\Downloads\Fun Data Testing\rsci_nlp_package_staging\nlp_draft_bias_research\outputs_llm_enhanced\headshot_cache\nba_cdn_latest_1040x760\kasparas_jaku_ionis__1642857.png,downloaded,200,image/png
Keyshawn Hall,keyshawn hall,2025,existing_cache,,,,,already_had_cached_headshot,,
Khaman Maluach,khaman maluach,2025,nba_static_exact_norm,1642863,Khaman Maluach,https://cdn.nba.com/headshots/nba/latest/1040x760/1642863.png,C:\Users\jksut\Downloads\Fun Data Testing\rsci_nlp_package_staging\nlp_draft_bias_research\outputs_llm_enhanced\headshot_cache\nba_cdn_latest_1040x760\khaman_maluach__1642863.png,downloaded,200,image/png
Kingston Flemings,kingston flemings,2025,existing_cache,,,,,already_had_cached_headshot,,
Koa Peat,koa peat,2025,existing_cache,,,,,already_had_cached_headshot,,
Kon Knueppel,kon knueppel,2025,nba_static_exact_norm,1642851,Kon Knueppel,https://cdn.nba.com/headshots/nba/latest/1040x760/1642851.png,C:\Users\jksut\Downloads\Fun Data Testing\rsci_nlp_package_staging\nlp_draft_bias_research\outputs_llm_enhanced\headshot_cache\nba_cdn_latest_1040x760\kon_knueppel__1642851.png,downloaded,200,image/png
Kylan Boswell,kylan boswell,2025,existing_cache,,,,,already_had_cached_headshot,,
Labaron Philon,labaron philon,2025,existing_cache,,,,,already_had_cached_headshot,,
Liam McNeeley,liam mcneeley,2025,nba_static_exact_norm,1642862,Liam McNeeley,https://cdn.nba.com/headshots/nba/latest/1040x760/1642862.png,C:\Users\jksut\Downloads\Fun Data Testing\rsci_nlp_package_staging\nlp_draft_bias_research\outputs_llm_enhanced\headshot_cache\nba_cdn_latest_1040x760\liam_mcneeley__1642862.png,downloaded,200,image/png
Malique Lewis,malique lewis,2025,unmatched_nba_static,,,,,unmatched,,
Matt Able,matt able,2025,existing_cache,,,,,already_had_cached_headshot,,
Maxime Raynaud,maxime raynaud,2025,nba_static_exact_norm,1642875,Maxime Raynaud,https://cdn.nba.com/headshots/nba/latest/1040x760/1642875.png,C:\Users\jksut\Downloads\Fun Data Testing\rsci_nlp_package_staging\nlp_draft_bias_research\outputs_llm_enhanced\headshot_cache\nba_cdn_latest_1040x760\maxime_raynaud__1642875.png,downloaded,200,image/png
Meleek Thomas,meleek thomas,2025,existing_cache,,,,,already_had_cached_headshot,,
Mikel Brown,mikel brown,2025,existing_cache,,,,,already_had_cached_headshot,,
Milos Uzan,milos uzan,2025,existing_cache,,,,,already_had_cached_headshot,,
Mouhamed Faye,mouhamed faye,2025,unmatched_nba_static,,,,,unmatched,,
Nate Ament,nate ament,2025,existing_cache,,,,,already_had_cached_headshot,,
Neoklis Avdalas,neoklis avdalas,2025,unmatched_nba_static,,,,,unmatched,,
Nique Clifford,nique clifford,2025,nba_static_exact_norm,1642363,Nique Clifford,https://cdn.nba.com/headshots/nba/latest/1040x760/1642363.png,C:\Users\jksut\Downloads\Fun Data Testing\rsci_nlp_package_staging\nlp_draft_bias_research\outputs_llm_enhanced\headshot_cache\nba_cdn_latest_1040x760\nique_clifford__1642363.png,downloaded,200,image/png
Noa Essengue,noa essengue,2025,nba_static_exact_norm,1642855,Noa Essengue,https://cdn.nba.com/headshots/nba/latest/1040x760/1642855.png,C:\Users\jksut\Downloads\Fun Data Testing\rsci_nlp_package_staging\nlp_draft_bias_research\outputs_llm_enhanced\headshot_cache\nba_cdn_latest_1040x760\noa_essengue__1642855.png,downloaded,200,image/png
Noah Penda,noah penda,2025,nba_static_exact_norm,1642869,Noah Penda,https://cdn.nba.com/headshots/nba/latest/1040x760/1642869.png,C:\Users\jksut\Downloads\Fun Data Testing\rsci_nlp_package_staging\nlp_draft_bias_research\outputs_llm_enhanced\headshot_cache\nba_cdn_latest_1040x760\noah_penda__1642869.png,downloaded,200,image/png
Nolan Traore,nolan traore,2025,nba_static_exact_norm,1642849,Nolan Traore,https://cdn.nba.com/headshots/nba/latest/1040x760/1642849.png,C:\Users\jksut\Downloads\Fun Data Testing\rsci_nlp_package_staging\nlp_draft_bias_research\outputs_llm_enhanced\headshot_cache\nba_cdn_latest_1040x760\nolan_traore__1642849.png,downloaded,200,image/png
Ognjen Srzentic,ognjen srzentic,2025,unmatched_nba_static,,,,,unmatched,,
PJ Haggerty,pj haggerty,2025,unmatched_nba_static,,,,,unmatched,,
Rasheer Fleming,rasheer fleming,2025,nba_static_exact_norm,1642853,Rasheer Fleming,https://cdn.nba.com/headshots/nba/latest/1040x760/1642853.png,C:\Users\jksut\Downloads\Fun Data Testing\rsci_nlp_package_staging\nlp_draft_bias_research\outputs_llm_enhanced\headshot_cache\nba_cdn_latest_1040x760\rasheer_fleming__1642853.png,downloaded,200,image/png
Ryan Conwell,ryan conwell,2025,existing_cache,,,,,already_had_cached_headshot,,
Ryan Kalkbrenner,ryan kalkbrenner,2025,nba_static_exact_norm,1641750,Ryan Kalkbrenner,https://cdn.nba.com/headshots/nba/latest/1040x760/1641750.png,C:\Users\jksut\Downloads\Fun Data Testing\rsci_nlp_package_staging\nlp_draft_bias_research\outputs_llm_enhanced\headshot_cache\nba_cdn_latest_1040x760\ryan_kalkbrenner__1641750.png,downloaded,200,image/png
Sergio De Larrea,sergio de larrea,2025,unmatched_nba_static,,,,,unmatched,,
Tarris Reed,tarris reed,2025,existing_cache,,,,,already_had_cached_headshot,,
Thomas Haugh,thomas haugh,2025,unmatched_nba_static,,,,,unmatched,,
Thomas Sorber,thomas sorber,2025,nba_static_exact_norm,1642850,Thomas Sorber,https://cdn.nba.com/headshots/nba/latest/1040x760/1642850.png,C:\Users\jksut\Downloads\Fun Data Testing\rsci_nlp_package_staging\nlp_draft_bias_research\outputs_llm_enhanced\headshot_cache\nba_cdn_latest_1040x760\thomas_sorber__1642850.png,downloaded,200,image/png
Tounde Yessoufou,tounde yessoufou,2025,existing_cache,,,,,already_had_cached_headshot,,
Tre Johnson,tre johnson,2025,nba_static_exact_norm,1642848,Tre Johnson,https://cdn.nba.com/headshots/nba/latest/1040x760/1642848.png,C:\Users\jksut\Downloads\Fun Data Testing\rsci_nlp_package_staging\nlp_draft_bias_research\outputs_llm_enhanced\headshot_cache\nba_cdn_latest_1040x760\tre_johnson__1642848.png,downloaded,200,image/png
Trevon Brazile,trevon brazile,2025,existing_cache,,,,,already_had_cached_headshot,,
Tyon Grant-Foster,tyon grant foster,2025,unmatched_nba_static,,,,,unmatched,,
VJ Edgecombe,vj edgecombe,2025,nba_static_exact_norm,1642845,VJ Edgecombe,https://cdn.nba.com/headshots/nba/latest/1040x760/1642845.png,C:\Users\jksut\Downloads\Fun Data Testing\rsci_nlp_package_staging\nlp_draft_bias_research\outputs_llm_enhanced\headshot_cache\nba_cdn_latest_1040x760\vj_edgecombe__1642845.png,downloaded,200,image/png
Walter Clayton Jr.,walter clayton,2025,nba_static_exact_norm,1642383,Walter Clayton Jr.,https://cdn.nba.com/headshots/nba/latest/1040x760/1642383.png,C:\Users\jksut\Downloads\Fun Data Testing\rsci_nlp_package_staging\nlp_draft_bias_research\outputs_llm_enhanced\headshot_cache\nba_cdn_latest_1040x760\walter_clayton__1642383.png,downloaded,200,image/png
Will Riley,will riley,2025,nba_static_exact_norm,1642860,Will Riley,https://cdn.nba.com/headshots/nba/latest/1040x760/1642860.png,C:\Users\jksut\Downloads\Fun Data Testing\rsci_nlp_package_staging\nlp_draft_bias_research\outputs_llm_enhanced\headshot_cache\nba_cdn_latest_1040x760\will_riley__1642860.png,downloaded,200,image/png
Xaivian Lee,xaivian lee,2025,unmatched_nba_static,,,,,unmatched,,
Yaxel Lendeborg,yaxel lendeborg,2025,existing_cache,,,,,already_had_cached_headshot,,
Zuby Ejiofor,zuby ejiofor,2025,existing_cache,,,,,already_had_cached_headshot,,
Aday Mara,aday mara,2026,existing_cache,,,,,already_had_cached_headshot,,
Allen Graves,allen graves,2026,existing_cache,,,,,already_had_cached_headshot,,
Amari Allen,amari allen,2026,existing_cache,,,,,already_had_cached_headshot,,
Andrej Stojakovic,andrej stojakovic,2026,existing_cache,,,,,already_had_cached_headshot,,
Billy Richmond III,billy richmond,2026,existing_cache,,,,,already_had_cached_headshot,,
Bruce Thornton,bruce thornton,2026,existing_cache,,,,,already_had_cached_headshot,,
Cam Carr,cam carr,2026,existing_cache,,,,,already_had_cached_headshot,,
Christian Anderson Jr.,christian anderson,2026,existing_cache,,,,,already_had_cached_headshot,,
Dailyn Swain,dailyn swain,2026,existing_cache,,,,,already_had_cached_headshot,,
Ebuka Okorie,ebuka okorie,2026,existing_cache,,,,,already_had_cached_headshot,,
Emanuel Sharp,emanuel sharp,2026,existing_cache,,,,,already_had_cached_headshot,,
Felix Okpara,felix okpara,2026,existing_cache,,,,,already_had_cached_headshot,,
Flory Bidunga,flory bidunga,2026,existing_cache,,,,,already_had_cached_headshot,,
Francesco Ferrari,francesco ferrari,2026,unmatched_nba_static,,,,,unmatched,,
Henri Veesaar,henri veesaar,2026,existing_cache,,,,,already_had_cached_headshot,,
Izaiyah Nelson,izaiyah nelson,2026,existing_cache,,,,,already_had_cached_headshot,,
Ja'Kobi Gillespie,ja kobi gillespie,2026,existing_cache,,,,,already_had_cached_headshot,,
Jack Kayil,jack kayil,2026,unmatched_nba_static,,,,,unmatched,,
Jakobi Gillespie,jakobi gillespie,2026,existing_cache,,,,,already_had_cached_headshot,,
Jaron Pierre,jaron pierre,2026,existing_cache,,,,,already_had_cached_headshot,,
Jayden Quaintance,jayden quaintance,2026,existing_cache,,,,,already_had_cached_headshot,,
Jeremy Fears Jr.,jeremy fears,2026,existing_cache,,,,,already_had_cached_headshot,,
Karim Lopez,karim lopez,2026,unmatched_nba_static,,,,,unmatched,,
Keaton Wagler,keaton wagler,2026,existing_cache,,,,,already_had_cached_headshot,,
Luigi Suigo,luigi suigo,2026,unmatched_nba_static,,,,,unmatched,,
Malachi Moreno,malachi moreno,2026,existing_cache,,,,,already_had_cached_headshot,,
Mark Mitchell,mark mitchell,2026,existing_cache,,,,,already_had_cached_headshot,,
Milan Momcilovic,milan momcilovic,2026,existing_cache,,,,,already_had_cached_headshot,,
Morez Johnson Jr.,morez johnson,2026,existing_cache,,,,,already_had_cached_headshot,,
Nick Martinelli,nick martinelli,2026,existing_cache,,,,,already_had_cached_headshot,,
Otega Oweh,otega oweh,2026,existing_cache,,,,,already_had_cached_headshot,,
Pavle Backo,pavle backo,2026,unmatched_nba_static,,,,,unmatched,,
Rafael Castro,rafael castro,2026,existing_cache,,,,,already_had_cached_headshot,,
Richie Saunders,richie saunders,2026,existing_cache,,,,,already_had_cached_headshot,,
Rueben Chinyelu,rueben chinyelu,2026,existing_cache,,,,,already_had_cached_headshot,,
Tobe Awaka,tobe awaka,2026,existing_cache,,,,,already_had_cached_headshot,,
Tobi Lawal,tobi lawal,2026,existing_cache,,,,,already_had_cached_headshot,,
Tre White,tre white,2026,existing_cache,,,,,already_had_cached_headshot,,
Trey Kaufman-Renn,trey kaufman renn,2026,existing_cache,,,,,already_had_cached_headshot,,
Tyler Tanner,tyler tanner,2026,existing_cache,,,,,already_had_cached_headshot,,
Ugonna Onyenso,ugonna onyenso,2026,existing_cache,,,,,already_had_cached_headshot,,
